ec5_uuid,ec5_parent_uuid,created_at,uploaded_at,title,8_Species,9_Foraging_type,10_Substrate,11_where,12_if_dead_decay_cla,13_tree_species,14_tree_size_class,15_time_spent_sec,16_distance_m,17_bearing,lat_18_location,long_18_location,accuracy_18_location,UTM_Northing_18_location,UTM_Easting_18_location,UTM_Zone_18_location,19_If_not_foraging,20_sex,21_height_ratio,22_comments,23_time_of_obs
fb6f40a1-81f3-4278-b0a4-e5cd951e9717,0e2bddd0-3431-4303-946a-869c90e9c192,2025-05-17T15:03:40.000Z,2025-05-17T16:02:09.000Z,"RHWO 11:02",RHWO,gleaning/searching,dead,ground,"1 live tree",Na,1-10cm,20,69,110,30.649099,-84.216506,3,3394019,766748,16R,Foraging,unknown,0,"Foraged on ground for 20 seconds 2 separate times in 1 min",11:02
6edefb03-e44b-4b26-9bea-94caf67d170b,0e2bddd0-3431-4303-946a-869c90e9c192,2025-05-17T14:54:48.000Z,2025-05-17T16:02:07.000Z,"RBWO 10:53",RBWO,gleaning/searching,alive,"upper bole (above first secondary limb)","1 live tree",Pita,31-40cm,103,22,103,30.648895,-84.217416,4,3393994,766661,16R,Foraging,male,60,,10:53
68c4bb15-9352-4287-88c9-a99f6eb2aaf5,5924ed0d-e971-4516-9803-36b636adf527,2025-05-17T14:09:14.000Z,2025-05-17T16:02:02.000Z,"DOWO 10:08",DOWO,drilling/probing,dead,"tertiary limb","1 live tree",Piec,41-50cm,35,22,296,30.652998,-84.235034,6,3394407,764961,16R,Foraging,female,80,,10:08
446c5250-8a08-458c-896e-510f33315561,5924ed0d-e971-4516-9803-36b636adf527,2025-05-17T13:49:03.000Z,2025-05-17T16:02:00.000Z,"RHWO 09:48",RHWO,drilling/probing,dead,"secondary limb","1 live tree",Pita,51-60cm,45,23,252,30.651667,-84.236934,3,3394255,764782,16R,Foraging,unknown,60,"Flew away with acorn",09:48
26654ccc-d2aa-4993-94a4-551e63cdd982,5924ed0d-e971-4516-9803-36b636adf527,2025-05-17T13:25:05.000Z,2025-05-17T16:01:58.000Z,"RHWO 09:24",RHWO,"Other (includes not foraging)",dead,"secondary limb","3 dead ﹤3yr, tertiary limbs decaying",Pinus,61-70cm,15,69,357,30.65372,-84.236461,4,3394484,764822,16R,"Fighting different species (specify in comments)",unknown,55,"Chased off RBWO male",09:24
8086c041-f618-4a81-a7ee-c1793c21957b,5924ed0d-e971-4516-9803-36b636adf527,2025-05-17T13:24:11.000Z,2025-05-17T16:01:56.000Z,"RBWO 09:21",RBWO,drilling/probing,dead,"secondary limb","3 dead ﹤3yr, tertiary limbs decaying",Pinus,61-70cm,441,69,357,30.65374,-84.236466,3,3394486,764821,16R,Foraging,male,60,,09:21
09f2f744-ea19-4606-a09e-11f516af4f78,6385fe21-34c6-44e4-aa21-ae453e04bc93,2025-05-17T12:48:47.000Z,2025-05-17T16:01:52.000Z,"NOFL 08:47",NOFL,"Other (includes not foraging)",dead,"lower bole (below first secondary limb)","4 loss of most tertiary limbs, secondary limbs present",Pinus,51-60cm,600,45,156,30.650106,-84.226133,3,3394107,765822,16R,Excavation,male,45,,08:47
34a6f6a8-76b9-455b-81e1-fa1cceda740b,8316d8bf-03e0-4e69-8110-f6649dc7877a,2025-05-16T15:52:39.000Z,2025-05-16T20:40:48.000Z,"RBWO 11:51",RBWO,gleaning/searching,alive,"secondary limb","1 live tree",Pipa,41-50cm,59,65,289,30.850981,-84.010767,6,3416913,785875,16R,Foraging,male,70,"Limb was half alive and half dead but was on live part for longer.",11:51
5f068ee0-7a8f-4fb0-9728-4a392225077f,54480133-5739-4e93-9e2a-06759e741ccc,2025-05-15T18:19:00.000Z,2025-05-15T21:37:51.000Z,"RCWO 14:18",RCWO,gleaning/searching,alive,"upper bole (above first secondary limb)","1 live tree",Pipa,11-20cm,24,94,327,30.626465,-83.668587,6,3391242,244208,17R,Foraging,unknown,15,,14:18
a5981e9e-a167-4442-b495-36f269ec3549,54480133-5739-4e93-9e2a-06759e741ccc,2025-05-15T18:01:40.000Z,2025-05-15T21:37:49.000Z,"RCWO 14:00",RCWO,drilling/probing,dead,"secondary limb","1 live tree",Pipa,41-50cm,112,36,320,30.626028,-83.668153,5,3391192,244248,17R,Foraging,unknown,80,,14:00
a919f107-db67-430b-89b7-6dbbdaeb6b94,f23d2585-644f-4416-9ca2-84423dfb03b3,2025-05-15T14:32:36.000Z,2025-05-15T21:37:45.000Z,"DOWO 10:27",DOWO,gleaning/searching,alive,"secondary limb","1 live tree",Piec,31-40cm,69,42,217,30.621526,-83.677067,4,3390713,243381,17R,Foraging,male,35,"Moving around a lot",10:27
58fd589e-a09c-429b-84d7-8a5b09a5b784,8efd5cd8-c161-4f8e-8f88-9871ae594545,2025-05-15T16:53:34.000Z,2025-05-15T18:58:41.000Z,"RHWO 12:51",RHWO,"Other (includes not foraging)",alive,"lower bole (below first secondary limb)","1 live tree",Pine,21-30cm,1,22.2,2,30.636338,-83.654346,4,3392304,245599,17R,"Fighting same species",unknown,25,"Two RHWO chasing each other around multiple trees",12:51
6c3dd21c-0a60-4617-97cb-39f3d60100d7,9a96858a-d5ab-4a9f-aa6f-a1f796351735,2025-05-15T16:10:25.000Z,2025-05-15T18:58:37.000Z,"RHWO 12:08",RHWO,gleaning/searching,dead,"upper bole (above first secondary limb)","3 dead ﹤3yr, tertiary limbs decaying",Hardwood,41-50cm,33,51.3,160,30.642243,-83.6739,4,3393003,243740,17R,Foraging,unknown,50,,12:08
46d6eb8b-ff1e-4e74-99fa-4a754b236244,b96389c8-9eda-4c50-8a7c-1224ecb51cb8,2025-05-15T14:47:43.000Z,2025-05-15T18:58:33.000Z,"RCWO 10:45",RCWO,drilling/probing,alive,"lower bole (below first secondary limb)","1 live tree",Loblolly,21-30cm,8,30.7,71,30.644453,-83.686299,4,3393277,242557,17R,Foraging,unknown,20,"RCWO was briefly foraging before it started preening",10:45
e0abcde8-5758-46ee-a8aa-c0d62f2e9c6b,b96389c8-9eda-4c50-8a7c-1224ecb51cb8,2025-05-15T14:44:46.000Z,2025-05-15T18:58:31.000Z,"RCWO 10:41",RCWO,"Other (includes not foraging)",alive,"lower bole (below first secondary limb)","1 live tree",Loblolly,31-40cm,1,14.8,67,30.644451,-83.686297,6,3393276,242557,17R,Other,unknown,40,"RCWO already had food in mouth when found, feeding babies in an artificial cavity on a marked tree.",10:41
905cab5f-bc29-439b-a064-20ce0a4ae6cb,b96389c8-9eda-4c50-8a7c-1224ecb51cb8,2025-05-15T14:26:12.000Z,2025-05-15T18:58:29.000Z,"RHWO 10:22",RHWO,drilling/probing,alive,"secondary limb","1 live tree",Pine,51-60cm,48,39,128,30.64491,-83.68567,3,3393326,242618,17R,Foraging,unknown,45,"RHWO was originally spotted probing on an RCWO tree before it flew to this tree and foraged. After it was done with this behavior, it briefly flew back to RCWO tree and probed more before flying to a different tree.",10:22
8332d637-b597-4176-9949-e35362526803,6d7c027d-16bb-4650-9f1a-42157a0d838d,2025-05-14T14:47:00.000Z,2025-05-15T12:49:03.000Z,"RCWO 10:45",RCWO,"Other (includes not foraging)",alive,"upper bole (above first secondary limb)","1 live tree","Long leaf pine",41-50cm,1,16.8,145,30.782167,-84.00029,13,3409309,787082,16R,"Fighting different species (specify in comments)",unknown,60,"2 RCWO chased off by RHWO",10:45
ed1481cb-9b20-4624-bc92-452a614c7474,6d7c027d-16bb-4650-9f1a-42157a0d838d,2025-05-14T14:45:11.000Z,2025-05-15T12:48:56.000Z,"RHWO 10:43",RHWO,gleaning/searching,alive,"upper bole (above first secondary limb)","1 live tree","Long leaf pine",31-40cm,48,25,218,30.782222,-84.000365,5,3409315,787074,16R,Foraging,unknown,70,"RCWOs on tree below RHWO",10:43
b02dc04c-821f-4a2b-978b-31f899999e4f,d84ae6d7-9fc7-44ea-a55e-e11ab13cbd15,2025-05-14T15:18:20.000Z,2025-05-14T21:48:26.000Z,"RHWO 11:17",RHWO,drilling/probing,dead,"secondary limb","1 live tree",Pipa,61-70cm,19,2,90,30.766268,-84.001869,3,3407542,786978,16R,Foraging,unknown,50,,11:17
acd09caf-0666-4ef3-b311-6b5de1ae8ed7,1f894b2a-ded1-40c4-a4bd-2a0f7f954bee,2025-05-10T13:49:36.000Z,2025-05-10T15:54:48.000Z,"RCWO 09:48",RCWO,flaking,alive,"secondary limb","1 live tree",Pipa,51-60cm,31,62,179,30.850564,-84.011881,6,3416864,785769,16R,Foraging,unknown,55,,09:48
cf50d3ab-55e0-4597-9a1d-0e00f4f1a91a,f4f089b6-74f0-4f26-b9f0-4abece5e57f9,2025-05-09T12:47:24.000Z,2025-05-09T16:28:10.000Z,"PIWO 08:40",PIWO,drilling/probing,dead,"secondary limb","4 loss of most tertiary limbs, secondary limbs present",Pinus,21-30cm,489,78,272,30.672731,-84.218246,5,3396635,766516,16R,Foraging,male,5,"Pecking dead wood on ground, big branch of pine that fell",08:40
0e515d37-92c2-4e17-b8eb-da992f2a54f0,f4f089b6-74f0-4f26-b9f0-4abece5e57f9,2025-05-09T12:59:12.000Z,2025-05-09T16:28:08.000Z,"PIWO 08:57",PIWO,gleaning/searching,alive,"lower bole (below first secondary limb)","1 live tree","Quercus stellata",51-60cm,43,128,342,30.672589,-84.218364,4,3396619,766505,16R,Foraging,male,10,"Looked into hole briefly but otherwise looked like it was looking under bark",08:57
5121b4a1-a5af-4f9b-ab28-485854569b3f,97792a5c-2884-40f7-aa60-4f9c633fb49c,2025-05-09T11:42:42.000Z,2025-05-09T16:28:04.000Z,"DOWO 07:41",DOWO,gleaning/searching,alive,"secondary limb","1 live tree",16,51-60cm,16,9.2,70,30.662748,-84.247955,7,3395458,763695,16R,Foraging,unknown,90,,07:41
2f5e6366-1020-4ae0-b27a-ce09bbf35fe1,b7874256-6183-45a6-9241-2b6d702777e4,2025-05-08T12:47:29.000Z,2025-05-09T00:22:01.000Z,"RCWO 08:46",RCWO,gleaning/searching,dead,"secondary limb","1 live tree",Pipa,51-60cm,17,40,329,30.868377,-84.008789,3,3418847,786012,16R,Foraging,unknown,70,,08:46
357e2fce-0f3e-4e57-bbf7-f61080dc05c9,dd4a2311-ad52-4dbc-91f5-09f8060f2a17,2025-05-08T14:12:24.000Z,2025-05-09T00:21:57.000Z,"RCWO 10:11",RCWO,drilling/probing,alive,"tertiary limb","1 live tree",Pipa,51-60cm,20,28,163,30.846223,-84.02062,5,3416360,784946,16R,Foraging,unknown,45,"Pe led at end of branch where pollen cones are",10:11
3e72404d-9154-4e8f-9f56-f5ace8fc0d4d,df24cadd-2ce8-4358-9d73-ea39abb6f198,2025-05-06T12:42:45.000Z,2025-05-08T17:39:34.000Z,"PIWO 08:40",PIWO,drilling/probing,alive,"secondary limb","1 live tree","Short leaf pine",41-50cm,27,8.5,347,30.758911,-84.013956,4,3406695,785842,16R,Foraging,female,80,,08:40
39f12504-e16f-490b-a321-c0ad3d540785,bcb815bd-33b5-4bdc-98c5-c8d9d305ff28,2025-05-07T12:51:58.000Z,2025-05-07T17:36:32.000Z,"RHWO 08:50",RHWO,Hawking,alive,"lower bole (below first secondary limb)","1 live tree",Pipa,31-40cm,90,70,79,30.643372,-83.674358,3,3393129,243699,17R,Foraging,unknown,10,"2 foraging bouts brief and 90secapart. Left 40sec later",08:50
658930db-117b-41ad-a6db-890df7fa27b2,f9f7f006-5691-4418-aa06-75128f4df3db,2025-05-07T12:14:13.000Z,2025-05-07T17:36:27.000Z,"RBWO 08:13",RBWO,gleaning/searching,alive,"secondary limb","1 live tree",Pita,41-50cm,43,72,171,30.63771,-83.691585,3,3392541,242032,17R,Foraging,male,60,,08:13
11cf11b0-b158-4dcb-9349-750ddd8d4afb,3eaea0c5-e3f2-41e7-92f3-59a6ff3c1da2,2025-05-06T12:06:56.000Z,2025-05-06T15:01:27.000Z,"DOWO 08:05",DOWO,drilling/probing,dead,"tertiary limb","1 live tree",Piec,51-60cm,29,41,129,30.652062,-84.236041,8,3394301,764867,16R,Foraging,female,90,"Foraging with mate. Pecked at limb then preened",08:05
6aa9c17d-27f7-4529-b93c-c79a7017643a,3eaea0c5-e3f2-41e7-92f3-59a6ff3c1da2,2025-05-06T11:45:25.000Z,2025-05-06T15:01:25.000Z,"DOWO 07:44",DOWO,gleaning/searching,dead,"secondary limb","1 live tree",Pita,41-50cm,40,50,3,30.651656,-84.236045,4,3394256,764867,16R,Foraging,male,60,"Mate followed. Both were on dead limb. Pecked as it moved",07:44
a4ab8724-45f8-4207-a9bf-b693032aea96,10270b28-b66a-4322-997e-9e8691d8f590,2025-05-05T21:16:58.000Z,2025-05-05T22:05:52.000Z,"RBWO 17:16",RBWO,gleaning/searching,alive,"secondary limb","1 live tree",Piec,21-30cm,44,42,301,30.658662,-84.205871,5,3395104,767741,16R,Foraging,male,50,,17:16
fcc919b3-5d7c-4d4a-8ca1-16d8d64dd880,10270b28-b66a-4322-997e-9e8691d8f590,2025-05-05T17:37:05.000Z,2025-05-05T22:05:50.000Z,"DOWO 13:36",DOWO,flaking,alive,"secondary limb","1 live tree",Piec,21-30cm,11,51,353,30.656692,-84.204731,3,3394889,767855,16R,Foraging,female,40,,13:36
6b94e315-d57b-4e2e-9450-8c774b6976b5,dfbfc00b-0fac-4c3e-90e1-2196fc3f476b,2025-05-03T16:52:26.000Z,2025-05-03T17:28:04.000Z,"RCWO 12:51",RCWO,flaking,alive,"secondary limb","1 live tree",Piec,51-60cm,51,3,270,30.662112,-84.237373,6,3395412,764712,16R,Foraging,unknown,75,,12:51
8bfeda82-89a9-49ca-893d-3468e2f9f5ab,a3d96d89-734d-4d2c-8e9b-63947a55c96b,2025-05-03T14:45:33.000Z,2025-05-03T17:28:00.000Z,"RBWO 10:44",RBWO,gleaning/searching,alive,"tertiary limb","1 live tree",Pipa,31-40cm,124,54,213,30.654514,-84.23576,4,3394573,764887,16R,Foraging,female,95,"Seen wearing something from open pinecone. Probably seed. Mate was nearby",10:44
2ea7ffb1-cf21-42f1-acd9-c4aa7dc97c9c,776b9185-8c09-4f99-bf7e-25129237ebd3,2025-05-02T18:06:50.000Z,2025-05-02T18:54:33.000Z,"RHWO 14:05",RHWO,drilling/probing,dead,"secondary limb","1 live tree",Pita,51-60cm,52,28,63,30.649736,-84.22643,3,3394066,765794,16R,Foraging,unknown,65,,14:05
7ad08c90-5e81-4a00-93f9-47ba0da78557,776b9185-8c09-4f99-bf7e-25129237ebd3,2025-05-02T17:53:45.000Z,2025-05-02T18:54:31.000Z,"RHWO 13:52",RHWO,Hawking,dead,"secondary limb","1 live tree",Pita,41-50cm,84,150,251,30.648489,-84.225771,3,3393929,765861,16R,Foraging,unknown,25,,13:52
e73539d7-8814-4136-a9e7-d1835b7ae27b,71327c35-9a44-43aa-9ed9-7fa8477e20d8,2025-05-01T14:14:06.000Z,2025-05-01T18:26:21.000Z,"RCWO 10:13",RCWO,gleaning/searching,alive,"lower bole (below first secondary limb)","1 live tree",Pipa,31-40cm,94,50,25,30.748635,-84.000051,3,3405591,787204,16R,Foraging,unknown,40,"Stopped when it flaked on lower bole for 30sec",10:13
d1efd325-7d66-45df-af6f-924bef092dd5,71327c35-9a44-43aa-9ed9-7fa8477e20d8,2025-05-01T13:47:13.000Z,2025-05-01T18:26:19.000Z,"RCWO 09:46",RCWO,"Other (includes not foraging)",alive,"upper bole (above first secondary limb)","1 live tree",Pipa,21-30cm,10,37,173,30.749398,-84.000451,3,3405674,787164,16R,"Fighting different species (specify in comments)",unknown,70,"Blue jay won",09:46
5a276f19-96b0-4748-87ed-c8e16a0bf247,71327c35-9a44-43aa-9ed9-7fa8477e20d8,2025-05-01T13:46:04.000Z,2025-05-01T18:26:17.000Z,"RCWO 09:44",RCWO,gleaning/searching,alive,"upper bole (above first secondary limb)","1 live tree",Pipa,21-30cm,60,37,175,30.749437,-84.00048,3,3405679,787161,16R,Foraging,unknown,70,"Ended when blue jay approached rcw",09:44
859cd8ef-a677-4c36-a961-bd9cc96ae058,71327c35-9a44-43aa-9ed9-7fa8477e20d8,2025-05-01T13:35:02.000Z,2025-05-01T18:26:16.000Z,"RHWO 09:34",RHWO,"Other (includes not foraging)",dead,"secondary limb","1 live tree",Pipa,51-60cm,10,10,14,30.750105,-84.002339,6,3405748,786981,16R,"Fighting same species",unknown,50,,09:34
d8bf26c3-7b66-41fe-9282-2a2f0e5ff004,61aa47a0-f1d4-4473-9226-cf456b1d546e,2025-04-30T22:21:09.000Z,2025-04-30T23:05:28.000Z,"RCWO 18:19",RCWO,flaking,alive,"upper bole (above first secondary limb)","1 live tree",Pita,41-50cm,247,37,101,30.673362,-84.218728,6,3396704,766468,16R,Foraging,unknown,45,"Al on left but couldnt tell the color. Light color maybe faded",18:19
126758f5-0f1b-414d-a6b9-c4cda15ddb08,61aa47a0-f1d4-4473-9226-cf456b1d546e,2025-04-30T22:11:14.000Z,2025-04-30T23:05:26.000Z,"RHWO 18:09",RHWO,gleaning/searching,dead,"secondary limb","1 live tree",Piec,41-50cm,69,51.4,15,30.673016,-84.219629,4,3396663,766382,16R,Foraging,unknown,60,"Strange behavior, crawled all around limb and flew near it very quickly. Perhaps investigating for excavation?",18:09
10d9ad90-f7e5-498d-ad83-bcb948553955,61aa47a0-f1d4-4473-9226-cf456b1d546e,2025-04-30T21:50:11.000Z,2025-04-30T23:05:24.000Z,"DOWO 17:48",DOWO,gleaning/searching,alive,"tertiary limb","1 live tree",Piec,51-60cm,56,21.7,57,30.672261,-84.21817,3,3396583,766524,16R,Foraging,male,80,"Foraging very quickly, pecked like it was flaking a little. Ended when it probed a dead secondary limb for 40sec",17:48
bba3f33d-b280-45cd-9d49-d920389a0b9f,61aa47a0-f1d4-4473-9226-cf456b1d546e,2025-04-30T21:41:47.000Z,2025-04-30T23:05:22.000Z,"RHWO 17:39",RHWO,Hawking,dead,"secondary limb","1 live tree",Piec,31-40cm,42,51,188,30.671878,-84.218186,4,3396540,766524,16R,Foraging,unknown,65,"2 flights",17:39
3e5f9c91-fcbb-4d21-a604-c4d0168946d5,04e28a70-db0d-427f-8a17-e24cfb4d2f61,2025-04-30T19:09:38.000Z,2025-04-30T21:25:41.000Z,"NOFL 15:07",NOFL,gleaning/searching,dead,ground,"1 live tree",Na,1-10cm,183,2,150,30.837409,-84.016772,3,3415392,785340,16R,Foraging,male,0,"I spooked it to determine length of time foraging",15:07
54013d74-2a65-4e80-b2cc-e006b279ac8f,bf8c65e0-3139-4618-b5a3-56b9a8d67e2d,2025-04-29T16:14:02.000Z,2025-04-30T13:21:18.000Z,"RHWO 12:11",RHWO,gleaning/searching,dead,"upper bole (above first secondary limb)","5 loss most of secondary limbs",Pine,41-50cm,32,100.2,147,30.650044,-84.226047,3,3394101,765830,16R,Foraging,unknown,95,"Searched on top of tree searching for 32 seconds and then flew off and changed directions to go to the ground. Unsure if it was hawking behavior.",12:11
8b820b40-0b68-4884-a43b-b76566d18972,93235c21-b563-4e18-b1a3-cf9e3cd6540e,2025-04-29T12:05:28.000Z,2025-04-30T13:21:14.000Z,"RHWO 08:02",RHWO,"Other (includes not foraging)",dead,"upper bole (above first secondary limb)","6 broken off top, bole intact",Pine,31-40cm,1,35.2,332,30.672812,-84.2344,4,3396606,764967,16R,"Fighting same species",unknown,90,"First RHWO flew to snag and was chased off by second RHWO. Second RHWO flew back to snag and drummed. Third RHWO was drumming right at a cavity. Unsure if it is an active cavity.",08:02
0c8be56d-8f22-4464-991c-2db75907806f,ebbc507b-bb2a-4487-a624-4d4ca8571ae7,2025-04-26T12:47:44.000Z,2025-04-26T16:58:49.000Z,"DOWO 08:46",DOWO,gleaning/searching,alive,"tertiary limb","1 live tree","Live oak",31-40cm,27,44,33,30.66126,-84.24846,4,3395291,763651,16R,Foraging,male,70,,08:46
5cc332ea-30b0-49f3-b0ef-8f5197cf6016,ebbc507b-bb2a-4487-a624-4d4ca8571ae7,2025-04-26T12:16:17.000Z,2025-04-26T16:58:47.000Z,"RHWO 08:14",RHWO,gleaning/searching,alive,"tertiary limb","1 live tree",Pita,41-50cm,16,70,66,30.663213,-84.247891,4,3395509,763700,16R,Foraging,unknown,65,"Paused for more than 10 sec but then kept foraging on tert limb for another 50sec",08:14
94aa877a-a05d-4c91-9067-918e3154c40f,ebbc507b-bb2a-4487-a624-4d4ca8571ae7,2025-04-26T12:09:46.000Z,2025-04-26T16:58:45.000Z,"DOWO 08:08",DOWO,gleaning/searching,dead,"secondary limb","1 live tree",Piec,41-50cm,11,53,292,30.662961,-84.247643,4,3395482,763725,16R,Foraging,female,80,,08:08
c85f2d5e-bdc2-4b80-8b2d-87b057a0fba9,a1d51e1e-af54-45c3-bece-38fb5a0e69d6,2025-04-26T15:17:51.000Z,2025-04-26T16:58:41.000Z,"RCWO 11:17",RCWO,"Other (includes not foraging)",alive,"secondary limb","1 live tree",Pita,31-40cm,21,44.7,153,30.660214,-84.236698,4,3395203,764781,16R,Other,male,70,Copulation,11:17
d2bcc374-1240-4bce-b4fb-abb551e94cf5,a1d51e1e-af54-45c3-bece-38fb5a0e69d6,2025-04-26T15:17:00.000Z,2025-04-26T16:58:39.000Z,"RCWO 11:15",RCWO,flaking,alive,"upper bole (above first secondary limb)","1 live tree",Pita,31-40cm,92,44.7,154,30.660168,-84.236713,3,3395198,764780,16R,Foraging,female,75,"Sex known due to copulation",11:15
02c644a4-a2b0-4965-9679-538ed75792a4,a1d51e1e-af54-45c3-bece-38fb5a0e69d6,2025-04-26T15:00:54.000Z,2025-04-26T16:58:37.000Z,"RHWO 10:59",RHWO,"Other (includes not foraging)",alive,"upper bole (above first secondary limb)","1 live tree",Piex,51-60cm,15,5,44,30.659824,-84.238337,3,3395156,764625,16R,"Fighting different species (specify in comments)",unknown,50,"Faught red belly male",10:59
93f0db35-d814-4539-b248-c04e3a433ff8,a1d51e1e-af54-45c3-bece-38fb5a0e69d6,2025-04-26T14:58:07.000Z,2025-04-26T16:58:35.000Z,"RBWO 10:55",RBWO,drilling/probing,dead,"lower bole (below first secondary limb)","7 bole decaying 3-6m tall",Pinus,41-50cm,331,20,92,30.6603,-84.238265,8,3395209,764631,16R,Foraging,male,90,"Could be excivating but moved around a bit so I think its probing for bugs. Sat for awhile after obs. Check later to see if it is a nest but I think its not",10:55
e4c10dca-10b3-41ca-8258-77da4ef4a1e3,a1d51e1e-af54-45c3-bece-38fb5a0e69d6,2025-04-26T14:04:26.000Z,2025-04-26T16:58:33.000Z,"RCWO 09:59",RCWO,flaking,alive,"lower bole (below first secondary limb)","1 live tree",Pita,31-40cm,151,85,36,30.661351,-84.237583,3,3395327,764693,16R,Foraging,unknown,35,,09:59
76d48ba0-a3b1-4d94-81aa-54dc0f295efb,b1edb22e-fb7a-4d73-b3c7-42c176f7b3aa,2025-04-25T15:06:39.000Z,2025-04-25T17:11:37.000Z,"RHWO 11:05",RHWO,"Other (includes not foraging)",dead,"secondary limb","1 live tree",Pita,51-60cm,10,44,290,30.632116,-83.677209,3,3391888,243396,17R,Other,male,60,Copulation,11:05
3c80e353-3457-438d-85b2-f0827def7eaa,b1edb22e-fb7a-4d73-b3c7-42c176f7b3aa,2025-04-25T14:35:31.000Z,2025-04-25T17:11:35.000Z,"DOWO 10:34",DOWO,"Other (includes not foraging)",dead,"secondary limb","1 live tree","Live oak",51-60cm,300,29,312,30.63055,-83.675988,3,3391711,243509,17R,Resting/Preening/Vigilance,female,80,"Drummed for a while then went over to male after who did bill wag",10:34
8c9d82ae-8dee-4efb-86d1-1de450f6088f,b1edb22e-fb7a-4d73-b3c7-42c176f7b3aa,2025-04-25T14:23:30.000Z,2025-04-25T17:11:33.000Z,"RBWO 10:22",RBWO,gleaning/searching,alive,"secondary limb","1 live tree","Quercus falcata",21-30cm,54,5,180,30.630462,-83.676154,3,3391702,243493,17R,Foraging,unknown,80,,10:22
edda281a-b807-4cbf-880e-be91059e73a3,5fa35a51-f8a0-4fba-b282-3604f09cc47a,2025-04-25T13:58:13.000Z,2025-04-25T17:11:29.000Z,"RBWO 09:56",RBWO,gleaning/searching,dead,ground,"1 live tree",Na,1-10cm,121,65,177,30.643046,-83.674357,3,3393093,243698,17R,Foraging,male,0,"Flew to the ground, I didnt see it but dont think it was taking a dust bath so prob foraging. Landed in disk lane",09:56
934ba0a0-15d0-4907-a0f2-8de8fa7d6026,5fa35a51-f8a0-4fba-b282-3604f09cc47a,2025-04-25T13:24:27.000Z,2025-04-25T17:11:27.000Z,"RBWO 09:23",RBWO,gleaning/searching,alive,"lower bole (below first secondary limb)","1 live tree",Pita,41-50cm,57,57,212,30.643751,-83.677292,4,3393178,243419,17R,Foraging,male,40,"Off plot but close",09:23
925c983a-d8c2-4eed-8ad3-663ff129b200,5fa35a51-f8a0-4fba-b282-3604f09cc47a,2025-04-25T11:59:50.000Z,2025-04-25T17:11:25.000Z,"RBWO 07:58",RBWO,gleaning/searching,alive,"upper bole (above first secondary limb)","1 live tree",Piec,41-50cm,54,25,316,30.643076,-83.674162,3,3393096,243717,17R,Foraging,male,75,"Looking under bark",07:58
b15dbc42-b160-44f0-84c8-189af79a8069,a5389d0f-952b-4dde-9639-d7e2a97b3697,2025-04-25T11:46:28.000Z,2025-04-25T17:11:21.000Z,"RHWO 07:44",RHWO,Hawking,alive,"lower bole (below first secondary limb)","1 live tree",Pita,41-50cm,15,47,226,30.633055,-83.700674,3,3392046,241148,17R,Foraging,unknown,20,"1 foraging bout in 3 min, chased after something, hit the ground and flew up into oak and sat for a while",07:44
207ceaaa-4dcc-4597-865d-8baa10500476,a5389d0f-952b-4dde-9639-d7e2a97b3697,2025-04-25T11:32:24.000Z,2025-04-25T17:11:19.000Z,"RBWO 07:29",RBWO,gleaning/searching,dead,"secondary limb","1 live tree","Live oak",41-50cm,58,50,116,30.631388,-83.70049,3,3391861,241162,17R,Foraging,unknown,55,,07:29
806b25e5-de97-40b3-b480-24c1cdbcd2ec,a5389d0f-952b-4dde-9639-d7e2a97b3697,2025-04-25T11:24:43.000Z,2025-04-25T17:11:17.000Z,"NOFL 07:23",NOFL,gleaning/searching,alive,"tertiary limb","1 live tree",Pita,51-60cm,28,40,53,30.631681,-83.700876,3,3391894,241125,17R,Foraging,male,90,"Pecked at tert limbsbefore flying to another pine",07:23
65e0b173-9976-4e36-aeed-765f8fcdb954,f7d79604-44de-4764-9ba3-22d2e3a837be,2025-04-25T15:10:23.000Z,2025-04-25T15:33:33.000Z,"RHWO 11:07",RHWO,"Other (includes not foraging)",dead,"secondary limb","1 live tree",Loblolly,41-50cm,1,47,290,30.632115,-83.677179,4,3391888,243399,17R,"Fighting same species",unknown,60,"Three RHWO fighting in air, landed on tree and sat for a while, before taking and fighting again on the way to another tree",11:07
4472f884-a44f-4c6b-88d1-32eefffd0ce7,f7d79604-44de-4764-9ba3-22d2e3a837be,2025-04-25T14:46:26.000Z,2025-04-25T15:33:31.000Z,"RBWO 10:43",RBWO,gleaning/searching,alive,"upper bole (above first secondary limb)","1 live tree","Live Oak",61-70cm,66,43.2,266,30.630509,-83.676102,4,3391707,243498,17R,Foraging,male,30,,10:43
8964c99c-7fff-4774-aa79-f1c44b2ed5df,4aa2423c-d92f-438b-89e7-71f31bff3727,2025-04-25T13:07:59.000Z,2025-04-25T15:33:27.000Z,"RCWO 09:05",RCWO,gleaning/searching,alive,"upper bole (above first secondary limb)","1 live tree",Pine,51-60cm,133,68.1,214,30.620376,-83.676776,4,3390585,243406,17R,Foraging,unknown,50,"Was flaking in a different tree when I first found it but flew to another tree and searched",09:05
1723698e-8170-40d0-8f60-6d36f042e414,7ee7a6d7-4f50-4d5c-b2c1-ecf3f88b4b53,2025-04-24T17:17:16.000Z,2025-04-24T20:21:30.000Z,"RCWO 13:15",RCWO,flaking,alive,"lower bole (below first secondary limb)","1 live tree",Pita,21-30cm,215,27,24,30.645006,-83.68652,3,3393338,242537,17R,Foraging,unknown,30,"DBAl Unk right
PuAl xxorwh foraging nearby on same type of tree but spent 70sec less foraging on lower bole",13:15
08d5e7b4-1a37-43c3-8bd8-460263509f61,7ee7a6d7-4f50-4d5c-b2c1-ecf3f88b4b53,2025-04-24T16:47:52.000Z,2025-04-24T20:21:28.000Z,"RHWO 12:46",RHWO,"Other (includes not foraging)",alive,"upper bole (above first secondary limb)","1 live tree",Pita,31-40cm,10,70,26,30.646252,-83.685637,3,3393474,242625,17R,"Fighting same species",unknown,75,,12:46
37927887-b9a2-4d13-ad0c-ca20ef28695c,7ee7a6d7-4f50-4d5c-b2c1-ecf3f88b4b53,2025-04-24T16:46:56.000Z,2025-04-24T20:21:26.000Z,"RHWO 12:45",RHWO,gleaning/searching,alive,"lower bole (below first secondary limb)","1 live tree",Pipa,11-20cm,13,112,24,30.646246,-83.685637,3,3393474,242625,17R,Foraging,unknown,15,"Pecked and moved a bit. Then hawked after",12:45
9f68a5c3-e5a8-4d5a-8aae-eecb5c2ba3e6,7ee7a6d7-4f50-4d5c-b2c1-ecf3f88b4b53,2025-04-24T16:19:56.000Z,2025-04-24T20:21:24.000Z,"RCWO 12:18",RCWO,gleaning/searching,alive,"lower bole (below first secondary limb)","1 live tree",Pita,21-30cm,110,38,251,30.644285,-83.686731,4,3393259,242515,17R,Foraging,unknown,0,"LL unk, RL: YeDXWh",12:18
05d8c3a6-35f1-4dd6-8569-00111b9a9d99,96b265b2-662f-4339-b3ea-584f9492fd71,2025-04-24T16:04:32.000Z,2025-04-24T20:21:20.000Z,"RBWO 12:03",RBWO,drilling/probing,dead,"secondary limb","1 live tree",Pita,31-40cm,122,60,134,30.637915,-83.689887,3,3392560,242196,17R,Foraging,female,50,,12:03
1be15f13-a8d7-4bd6-8126-736f43c0cd93,96b265b2-662f-4339-b3ea-584f9492fd71,2025-04-24T15:22:08.000Z,2025-04-24T20:21:18.000Z,"DOWO 11:21",DOWO,drilling/probing,alive,"tertiary limb","1 live tree","Live oak",70+cm,151,46,81,30.637156,-83.688655,3,3392473,242312,17R,Foraging,male,80,"Tapping away at tert limb. Dont know what its after",11:21
70f85294-d44c-44c5-8b70-afeb5ca561f2,8c4b7390-c17a-42da-a808-418b46a1a2d7,2025-04-24T14:05:41.000Z,2025-04-24T20:21:13.000Z,"DOWO 10:03",DOWO,gleaning/searching,alive,"upper bole (above first secondary limb)","1 live tree","Liquidambar styrasiflua",1-10cm,18,33,76,30.626926,-83.686172,3,3391333,242523,17R,Foraging,male,20,"Foraging in shrubs. Moving from shrub to shrub. Was with mate also",10:03
2e3de216-28c4-45b7-811d-8ef941b82c4e,275ba8d6-6526-48b4-986c-3f97ef362c94,2025-04-23T14:49:19.000Z,2025-04-23T16:06:36.000Z,"RBWO 10:47",RBWO,gleaning/searching,alive,"tertiary limb","1 live tree",Pipa,51-60cm,65,55,311,30.775652,-84.005988,5,3408572,786556,16R,Foraging,male,50,"Searched on lower bole of nearby tree before flying up to this one. Looking into open pine cones",10:47
aa81a338-64e3-47e6-9cbc-6c942ed1c290,275ba8d6-6526-48b4-986c-3f97ef362c94,2025-04-23T14:30:48.000Z,2025-04-23T16:06:34.000Z,"RHWO 10:29",RHWO,drilling/probing,dead,"secondary limb","1 live tree","Quercus stellata",31-40cm,67,39,318,30.774891,-84.005748,4,3408488,786581,16R,Foraging,unknown,60,,10:29
bac3378d-08a4-4040-bd0f-40fdf78f7bf8,d31e88df-f64e-47cc-befa-8b974c86920f,2025-04-23T14:04:44.000Z,2025-04-23T16:06:30.000Z,"RBWO 10:03",RBWO,gleaning/searching,dead,"secondary limb","1 live tree","Quercus falcata",31-40cm,69,15,275,30.766928,-84.002443,5,3407613,786921,16R,Foraging,male,70,"Poked into dead limb a little but not often and no serious pecking",10:03
df459988-9ff4-4be5-a99c-ea6e5d529194,d31e88df-f64e-47cc-befa-8b974c86920f,2025-04-23T13:32:05.000Z,2025-04-23T16:06:28.000Z,"RHWO 09:30",RHWO,"Other (includes not foraging)",dead,"secondary limb","4 loss of most tertiary limbs, secondary limbs present",Pinus,31-40cm,5,74,266,30.765778,-83.999998,4,3407492,212841,17R,Other,male,50,Copulation,09:30
be7b255e-bba8-4d4a-bb92-cbd0abab23dc,d31e88df-f64e-47cc-befa-8b974c86920f,2025-04-23T13:24:35.000Z,2025-04-23T16:06:26.000Z,"RHWO 09:22",RHWO,"Other (includes not foraging)",alive,"lower bole (below first secondary limb)","1 live tree",Pipa,31-40cm,5,40,358,30.765236,-84.0006,4,3407430,787102,16R,"Fighting different species (specify in comments)",unknown,55,"Faught rbwo and RHWO won",09:22
a7b7f0a2-bf36-4c19-b057-bdc3617259bb,d31e88df-f64e-47cc-befa-8b974c86920f,2025-04-23T13:08:59.000Z,2025-04-23T16:06:25.000Z,"RCWO 09:08",RCWO,gleaning/searching,alive,"lower bole (below first secondary limb)","1 live tree",Pipa,11-20cm,17,40,226,30.765496,-84.002247,4,3407455,786944,16R,Foraging,unknown,5,"Foraged really low. Outside plot",09:08
705a583d-a58e-44c7-aa73-e5bd2d647627,2817c163-4ca2-426b-af48-beef59760f00,2025-04-23T12:24:14.000Z,2025-04-23T16:06:21.000Z,"RBWO 08:23",RBWO,gleaning/searching,alive,"tertiary limb","1 live tree",Pipa,21-30cm,347,64,165,30.758508,-83.998224,3,3406681,212989,17R,Foraging,male,60,"On pine cone for a while",08:23
50d5ea43-dbd9-4473-8db5-3f2071963e52,2817c163-4ca2-426b-af48-beef59760f00,2025-04-23T11:51:56.000Z,2025-04-23T16:06:19.000Z,"RBWO 07:51",RBWO,gleaning/searching,alive,"secondary limb","1 live tree",Pipa,21-30cm,52,23,96,30.75801,-83.998891,4,3406628,212924,17R,Foraging,male,95,,07:51
c8602a48-e24a-4ef6-bd48-a3a08b5136cf,ea5fa47c-129c-4fa3-b325-d9e7cc9a3a46,2025-04-23T11:34:22.000Z,2025-04-23T16:06:15.000Z,"RHWO 07:32",RHWO,drilling/probing,alive,"tertiary limb","1 live tree",Pipa,31-40cm,28,51.6,3,30.749592,-84.002762,5,3405690,786942,16R,Foraging,unknown,95,"Was spooked to this tree by other red head then pecked at same spot where it landed",07:32
20aafc2e-5790-46c3-8876-dc63e9b4b9b9,7348483b-9af0-4c4e-ad31-2f1dbf813562,2025-04-23T15:20:11.000Z,2025-04-23T15:28:17.000Z,"RHWO 11:17",RHWO,gleaning/searching,alive,"lower bole (below first secondary limb)","1 live tree","Long leaf pine",11-20cm,30,35,12,30.775232,-84.006413,4,3408524,786516,16R,Foraging,unknown,50,,11:17
272e479d-041a-4993-98c4-8bca300b1c8b,b2b22e79-5b9f-47b5-a82a-a6a82518ed54,2025-04-23T11:54:46.000Z,2025-04-23T15:28:13.000Z,"PIWO 07:50",PIWO,gleaning/searching,alive,"lower bole (below first secondary limb)","1 live tree","Long leaf pine",41-50cm,54,22.2,33,30.758861,-84.013761,4,3406690,785861,16R,Foraging,unknown,50,"Tree has a large cavity in it, but I did not see the PIWO go near or in it. After this observation, I saw a PIWO again on another tree (possibly same individual) and it foraged for 47 seconds before flying to first tree. Flakes were coming off of tree from movement of PIWO, but the PIWO was not flaking",07:50
11e8b145-0a37-4d9c-8556-a010cd6603c1,607945f2-60d4-4cdc-abd6-5cae7ccb15c5,2025-04-16T12:30:32.000Z,2025-04-16T13:38:16.000Z,"RHWO 08:29",RHWO,gleaning/searching,alive,"tertiary limb","1 live tree",Pita,61-70cm,17,82,223,30.652382,-84.236775,3,3394335,764795,16R,Foraging,unknown,60,"Looking at leaves",08:29
1bb57664-acf2-4721-a9f0-c28ebcb4ef66,607945f2-60d4-4cdc-abd6-5cae7ccb15c5,2025-04-16T12:20:02.000Z,2025-04-16T13:38:14.000Z,"RBWO 08:18",RBWO,"Other (includes not foraging)",dead,"upper bole (above first secondary limb)","1 live tree",Pita,41-50cm,15,1,180,30.653779,-84.236859,3,3394489,764784,16R,Prospecting,female,45,"Hole facing north in dead leader",08:18
c16db6e4-2da1-4d13-9c9f-f83ddfce24fb,607945f2-60d4-4cdc-abd6-5cae7ccb15c5,2025-04-16T12:14:31.000Z,2025-04-16T13:38:12.000Z,"RBWO 08:09",RBWO,gleaning/searching,alive,"tertiary limb","1 live tree",Pita,41-50cm,512,39,168,30.653968,-84.236651,3,3394511,764803,16R,Foraging,female,99,"Looking in Pine cones",08:09
cab7923b-e211-4931-9771-8b39f1225c40,607945f2-60d4-4cdc-abd6-5cae7ccb15c5,2025-04-16T12:16:06.000Z,2025-04-16T13:38:11.000Z,"RCWO 08:14",RCWO,flaking,alive,"upper bole (above first secondary limb)","1 live tree",Pies,21-30cm,116,11,124,30.653971,-84.236641,3,3394511,764804,16R,Foraging,unknown,65,,08:14
ec3088f6-8707-41d3-9db5-f204552d9f01,8ace71f5-404c-4fca-b818-f603ce3413d1,2025-04-11T14:41:14.000Z,2025-04-11T16:21:26.000Z,"RBWO 10:40",RBWO,gleaning/searching,alive,"secondary limb","1 live tree","Live oak",31-40cm,127,64,344,30.636338,-83.654815,3,3392305,245554,17R,Foraging,female,75,"Foraged on main branch. Wonder if this should be upper bole or not...",10:40
e0674d13-586b-4e38-b008-76e2f9287491,8ace71f5-404c-4fca-b818-f603ce3413d1,2025-04-11T14:06:15.000Z,2025-04-11T16:21:24.000Z,"RBWO 10:04",RBWO,gleaning/searching,dead,"secondary limb","1 live tree",Pita,41-50cm,27,24,347,30.634174,-83.654859,4,3392065,245544,17R,Foraging,male,55,"Stuck beak into holes, moved often. I think I've called this searching before",10:04
a331a8d4-42c7-42a1-95c7-e2ff2e714541,214d9ce8-fb98-4e81-b496-02ecce470a23,2025-04-11T12:51:17.000Z,2025-04-11T16:21:20.000Z,"RCWO 08:50",RCWO,flaking,alive,"upper bole (above first secondary limb)","1 live tree",Pita,31-40cm,215,72,86,30.646271,-83.686122,3,3393478,242579,17R,Foraging,unknown,75,"White band on right leg",08:50
576c44b8-77f6-4028-b029-2c32f850409f,214d9ce8-fb98-4e81-b496-02ecce470a23,2025-04-11T12:44:14.000Z,2025-04-11T16:21:18.000Z,"RBWO 08:42",RBWO,flaking,dead,"secondary limb","1 live tree",Piec,51-60cm,207,57,168,30.646277,-83.686433,3,3393479,242549,17R,Foraging,male,55,"Pecking and walking along recently dead limb. Occassionally probed for 10sec or so twice. Stopped obs when it pecked at dead tertiary limb",08:42
083a00c1-5cc0-43e2-ae2b-ed869e3ea724,cbd4a235-b677-40c8-b668-cde1258fd92c,2025-04-11T11:40:02.000Z,2025-04-11T16:21:14.000Z,"RHWO 07:38",RHWO,Hawking,alive,"secondary limb","1 live tree",Pipa,31-40cm,97,70,264,30.633042,-83.70064,3,3392044,241152,17R,Foraging,unknown,70,"Made 2 foraging bouts, seen chasing insect in canopy",07:38
5e729db8-fa0a-49cf-9470-ce8fc4869a69,cbd4a235-b677-40c8-b668-cde1258fd92c,2025-04-11T11:30:14.000Z,2025-04-11T16:21:13.000Z,"RBWO 07:29",RBWO,gleaning/searching,alive,"lower bole (below first secondary limb)","1 live tree",Pita,51-60cm,74,66,153,30.632035,-83.700612,3,3391933,241152,17R,Foraging,male,10,"Foraging low on bole",07:29
0baa247b-3590-4917-a361-5afd137b3a3d,c9b3cdb2-495b-47ca-a693-2eef79b16a41,2025-04-11T14:51:21.000Z,2025-04-11T15:28:51.000Z,"RHWO 10:49",RHWO,gleaning/searching,alive,"secondary limb","1 live tree","Long leaf pine",31-40cm,14,34.6,318,30.624606,-83.668636,4,3391036,244198,17R,Foraging,unknown,55,"RHWO was being vigilant for several minutes, displayed foraging behavior for 14 seconds, then went back to being vigilant.",10:49
9d314f18-a184-4673-8f99-7af053cfe681,c9b3cdb2-495b-47ca-a693-2eef79b16a41,2025-04-11T12:55:56.000Z,2025-04-11T15:28:49.000Z,"RHWO 08:53",RHWO,"Other (includes not foraging)",alive,"secondary limb","1 live tree","Long leaf pine",41-50cm,1,35.6,12,30.624344,-83.666952,4,3391003,244359,17R,"Fighting same species",unknown,75,"Two RHWO fighting over a tree. ""Winner"" stayed on the tree and started drumming on a tertiary limb",08:53
01bbe5d3-f21a-4e50-942e-48920bfea349,a1401de0-f393-4f39-9cd8-6120cbb3fd08,2025-04-10T14:44:35.000Z,2025-04-10T17:06:29.000Z,"RBWO 10:43",RBWO,gleaning/searching,alive,"secondary limb","1 live tree","Long leaf pine",51-60cm,51,18.2,230,30.86467,-84.043398,4,3418348,782712,16R,Foraging,male,80,,10:43
9ae91588-542c-449c-b996-de699d5deb42,b0fe3595-fff9-4c9b-b02d-1f2bf004b867,2025-04-10T15:01:49.000Z,2025-04-10T16:22:28.000Z,"RHWO 11:00",RHWO,Hawking,dead,"secondary limb","1 live tree",Pipa,31-40cm,60,62,70,30.861852,-84.014221,6,3418110,785512,16R,Foraging,unknown,45,"1 flight and ate something",11:00
a18f06ea-110f-4bed-9437-1c9f8efb5962,b0fe3595-fff9-4c9b-b02d-1f2bf004b867,2025-04-10T14:51:39.000Z,2025-04-10T16:22:26.000Z,"RBWO 10:50",RBWO,gleaning/searching,dead,"secondary limb","1 live tree",Pipa,31-40cm,28,29,295,30.861607,-84.015143,15,3418080,785424,16R,Foraging,male,80,"Looked into holes but didnt drill",10:50
8f5dcb77-a8f1-4e7e-b3c8-8e0dc9586b01,b0fe3595-fff9-4c9b-b02d-1f2bf004b867,2025-04-10T14:45:13.000Z,2025-04-10T16:22:25.000Z,"RCWO 10:44",RCWO,flaking,alive,"upper bole (above first secondary limb)","1 live tree",Pipa,41-50cm,158,61,345,30.861349,-84.014815,5,3418052,785456,16R,Foraging,unknown,90,,10:44
c171d63a-71ff-486e-9228-ebc415c186a4,b0fe3595-fff9-4c9b-b02d-1f2bf004b867,2025-04-10T14:09:38.000Z,2025-04-10T16:22:23.000Z,"DOWO 10:09",DOWO,gleaning/searching,alive,"secondary limb","1 live tree","Live oak",70+cm,19,8,160,30.859064,-84.014042,4,3417801,785537,16R,Foraging,female,60,,10:09
f7a35f6f-507c-4793-80da-cc8b3e56ea16,0f06c338-0e0f-4ee9-a3d5-d3ca73706d10,2025-04-10T13:40:13.000Z,2025-04-10T16:22:19.000Z,"NOFL 09:39",NOFL,flaking,alive,"upper bole (above first secondary limb)","1 live tree",Pipa,61-70cm,261,105,51,30.850133,-84.010669,6,3416819,785886,16R,Foraging,male,90,"Flaking like an rcw",09:39
1cd5f9e9-abb1-40e8-bb43-8e3d9bcb4282,0f06c338-0e0f-4ee9-a3d5-d3ca73706d10,2025-04-10T13:29:14.000Z,2025-04-10T16:22:17.000Z,"RBWO 09:28",RBWO,gleaning/searching,alive,"secondary limb","1 live tree",Pipa,51-60cm,78,54,304,30.850021,-84.010876,6,3416806,785867,16R,Foraging,female,85,,09:28
6214de6a-fe9d-46d9-afec-526cd1b6170c,0610b563-94e7-4e58-a497-ada72017a7da,2025-04-10T13:05:42.000Z,2025-04-10T16:22:14.000Z,"RBWO 09:04",RBWO,"Other (includes not foraging)",alive,"upper bole (above first secondary limb)","1 live tree",Pipa,21-30cm,100,47,191,30.844801,-84.019846,4,3416204,785024,16R,"Fighting same species",male,65,"Fighting other male near new RCW cav",09:04
16fbfa27-6350-494e-a326-ddc9b9ca66d4,0610b563-94e7-4e58-a497-ada72017a7da,2025-04-10T13:02:37.000Z,2025-04-10T16:22:12.000Z,"RBWO 09:01",RBWO,drilling/probing,dead,"secondary limb","1 live tree",Pipa,31-40cm,48,87,188,30.845002,-84.01981,4,3416227,785027,16R,Foraging,male,90,"Same tree as RCW. Probed a pruning limb",09:01
6ae3b9fb-ab8b-4b64-adf1-90fe246f3728,0610b563-94e7-4e58-a497-ada72017a7da,2025-04-10T12:59:16.000Z,2025-04-10T16:22:10.000Z,"RCWO 08:58",RCWO,flaking,alive,"upper bole (above first secondary limb)","1 live tree",Pipa,31-40cm,78,114,185,30.84532,-84.019906,5,3416262,785017,16R,Foraging,unknown,85,,08:58
0fc822e7-69c4-41ff-a034-d96c760fce37,0610b563-94e7-4e58-a497-ada72017a7da,2025-04-10T12:40:53.000Z,2025-04-10T16:22:08.000Z,"RCWO 08:40",RCWO,flaking,alive,"upper bole (above first secondary limb)","1 live tree",Pipa,21-30cm,19,51,302,30.844262,-84.019933,5,3416144,785017,16R,Foraging,unknown,70,,08:40
52561caa-a931-4eb1-908c-a127c404b368,0610b563-94e7-4e58-a497-ada72017a7da,2025-04-10T12:34:37.000Z,2025-04-10T16:22:07.000Z,"RBWO 08:33",RBWO,gleaning/searching,dead,"secondary limb","4 loss of most tertiary limbs, secondary limbs present",Pinus,21-30cm,61,92,1,30.84375,-84.02013,4,3416087,785000,16R,Foraging,female,80,,08:33
ddd8d042-0997-43e7-ba19-256c7095a826,829dda96-fd71-4aa8-bc47-585deed30fe6,2025-04-10T12:08:24.000Z,2025-04-10T16:22:03.000Z,"RCWO 08:07",RCWO,gleaning/searching,alive,"secondary limb","1 live tree",Pipa,51-60cm,28,20,89,30.837263,-84.016148,5,3415378,785400,16R,Foraging,unknown,75,,08:07
a9c21f93-a673-4db0-94f5-02ceef71a628,829dda96-fd71-4aa8-bc47-585deed30fe6,2025-04-10T11:45:22.000Z,2025-04-10T16:22:01.000Z,"RCWO 07:44",RCWO,flaking,alive,"secondary limb","1 live tree",Pipa,51-60cm,57,22,230,30.835817,-84.016515,3,3415217,785370,16R,Foraging,unknown,85,,07:44
65cf0cb1-5303-4578-89f3-a4f3ecc8390f,441ba4a6-cea5-4e68-8ae4-14c130b6ce58,2025-04-09T15:44:19.000Z,2025-04-09T17:15:49.000Z,"RHWO 11:42",RHWO,Hawking,alive,"lower bole (below first secondary limb)","1 live tree","Post oak",11-20cm,60,59,87,30.760066,-84.013101,6,3406825,785921,16R,Foraging,unknown,30,"Did 1 foraging flight then started calling after 58 sec",11:42
59149aa0-c96b-4cc9-8f5e-55be7d75345e,441ba4a6-cea5-4e68-8ae4-14c130b6ce58,2025-04-09T15:37:28.000Z,2025-04-09T17:15:47.000Z,"NOFL 11:36",NOFL,gleaning/searching,dead,ground,"1 live tree",Ground,1-10cm,207,53,63,30.759801,-84.01306,7,3406796,785925,16R,Foraging,female,0,,11:36
08b77422-ed89-4112-90a3-284c301e3ef3,441ba4a6-cea5-4e68-8ae4-14c130b6ce58,2025-04-09T15:29:08.000Z,2025-04-09T17:15:45.000Z,"RBWO 11:27",RBWO,"Other (includes not foraging)",alive,"lower bole (below first secondary limb)","1 live tree",Pipa,41-50cm,600,23,229,30.759451,-84.013314,7,3406756,785902,16R,Excavation,male,40,"Old RCW cav. Tapping away at the inside",11:27
4bbf6eb8-2389-46e8-ac68-5fc59fb19d71,441ba4a6-cea5-4e68-8ae4-14c130b6ce58,2025-04-09T15:21:09.000Z,2025-04-09T17:15:44.000Z,"RHWO 11:19",RHWO,"Other (includes not foraging)",dead,"lower bole (below first secondary limb)","5 loss most of secondary limbs",Pinus,31-40cm,600,45,254,30.758649,-84.013928,4,3406666,785846,16R,Excavation,unknown,45,"Cav facing south on small dead pine",11:19
b6083852-db9b-4727-8383-2355c8ebc4a9,db582aed-6877-43ea-85d9-5a2129e5cc7f,2025-04-09T14:42:58.000Z,2025-04-09T17:15:40.000Z,"NOFL 10:41",NOFL,gleaning/searching,dead,ground,"1 live tree",Ground,1-10cm,300,104,270,30.769835,-84.016281,4,3407900,785587,16R,Foraging,male,5,"Scooted down bole looking for thing on ground before jumping off and onto the ground. Foraging near mate",10:41
b006c178-f8c8-453d-b5fd-abd5ad405ad6,db582aed-6877-43ea-85d9-5a2129e5cc7f,2025-04-09T14:32:59.000Z,2025-04-09T17:15:38.000Z,"RCWO 10:32",RCWO,flaking,alive,"upper bole (above first secondary limb)","1 live tree",Pipa,41-50cm,38,70,141,30.769801,-84.017084,5,3407894,785510,16R,Foraging,unknown,45,,10:32
67a8c2f8-2a90-4f14-a2dd-b68433d6792e,db582aed-6877-43ea-85d9-5a2129e5cc7f,2025-04-09T14:14:25.000Z,2025-04-09T17:15:36.000Z,"RBWO 10:07",RBWO,gleaning/searching,alive,"secondary limb","1 live tree","Post oak",31-40cm,754,62,332,30.770713,-84.016216,4,3407998,785591,16R,Foraging,female,75,"She spent a lot of time here. Started preening to stop obs",10:07
903c0fc4-83e0-47a0-b0e8-94bb2c27fb9c,db582aed-6877-43ea-85d9-5a2129e5cc7f,2025-04-09T14:07:52.000Z,2025-04-09T17:15:34.000Z,"DOWO 10:06",DOWO,gleaning/searching,dead,"tertiary limb","1 live tree","Post oak",31-40cm,87,62,335,30.770747,-84.01625,6,3408001,785587,16R,Foraging,female,50,,10:06
120988c2-6ed0-4bb4-a3e6-29669a1a51b6,db582aed-6877-43ea-85d9-5a2129e5cc7f,2025-04-09T13:31:29.000Z,2025-04-09T17:15:33.000Z,"RCWO 09:30",RCWO,gleaning/searching,dead,"secondary limb","1 live tree",Pipa,31-40cm,87,34,209,30.771269,-84.016578,6,3408058,785555,16R,Foraging,unknown,85,"Probed dead limb for 40 sec after",09:30
9109a979-26c6-418b-8af8-1bd0c85d4ceb,43588ac6-e854-4e49-a6d4-bcb17395534d,2025-04-09T12:28:55.000Z,2025-04-09T17:15:29.000Z,"RBWO 08:27",RBWO,gleaning/searching,alive,"tertiary limb","1 live tree",Pipa,21-30cm,92,49,304,30.774098,-84.006788,4,3408397,786484,16R,Foraging,male,95,"Off plot but close",08:27
1f81b1e2-7392-42de-ada9-3fe17965b5f7,60e1350e-75e1-4a88-836e-f7f815c58b17,2025-04-09T14:13:59.000Z,2025-04-09T17:09:46.000Z,"RHWO 10:11",RHWO,"Other (includes not foraging)",dead,"upper bole (above first secondary limb)","5 loss most of secondary limbs",Pine,31-40cm,1,74,12,30.759267,-84.012848,4,3406737,785947,16R,"Fighting same species",unknown,80,"First RHWO flew onto tree and was quickly chased off by another RHWO",10:11
aa0ff0fa-1b27-4d0d-abea-fec93f45ac5d,60e1350e-75e1-4a88-836e-f7f815c58b17,2025-04-09T13:59:32.000Z,2025-04-09T17:09:44.000Z,"RBWO 09:57",RBWO,gleaning/searching,alive,,"1 live tree","Long leaf pine",41-50cm,9,21,52,30.759133,-84.013624,3,3406720,785873,16R,Foraging,female,55,"Male RBWO nearby being vigilant",09:57
718d1c89-ae7f-452b-adab-5b00fe3a175a,0b423eae-74c2-4d42-986d-3fecccf07efe,2025-04-09T15:37:49.000Z,2025-04-09T17:09:41.000Z,"RCWO 11:36",RCWO,flaking,alive,"upper bole (above first secondary limb)","1 live tree","Long leaf pine",41-50cm,48,31.6,162,30.748725,-84.002687,3,3405594,786952,16R,Foraging,unknown,80,,11:36
05f8bd3c-732a-4e53-9d56-a0cc7abf05b1,0b423eae-74c2-4d42-986d-3fecccf07efe,2025-04-09T13:17:26.000Z,2025-04-09T17:09:39.000Z,"RCWO 09:14",RCWO,gleaning/searching,alive,"lower bole (below first secondary limb)","1 live tree",Pine,11-20cm,15,40,5,30.749022,-84.002049,4,3405629,787012,16R,Foraging,unknown,30,,09:14
aedde409-0138-4a52-a341-00647b24cc79,39f20790-55da-4174-b09f-fefacdf18b35,2025-04-09T12:40:04.000Z,2025-04-09T17:09:35.000Z,"RCWO 08:38",RCWO,drilling/probing,alive,"upper bole (above first secondary limb)","1 live tree","Long leaf pine",41-50cm,16,34.2,160,30.758702,-83.99941,4,3406706,212876,17R,Foraging,unknown,65,,08:38
8b6a66bc-0a16-4c52-91c0-a314af374082,ba1d0b2e-f430-474d-b0d6-9efdb4fd11fc,2025-04-08T12:53:12.000Z,2025-04-09T12:37:45.000Z,"RHWO 08:51",RHWO,gleaning/searching,alive,"secondary limb","1 live tree",Pine,51-60cm,62,37.5,212,30.649895,-84.226052,5,3394084,765830,16R,Foraging,unknown,45,,08:51
83938ccb-34dd-4dc6-bcc2-0c34933b9246,2477c00e-584c-480a-a3eb-1dcbc25af3a1,2025-04-08T14:22:29.000Z,2025-04-08T15:41:08.000Z,"RHWO 10:20",RHWO,Hawking,alive,"lower bole (below first secondary limb)","1 live tree",Piec,51-60cm,215,56,308,30.650684,-84.225104,3,3394174,765919,16R,Foraging,unknown,10,,10:20
baa456e6-4bc4-44de-b457-fc9cfa9621e4,2477c00e-584c-480a-a3eb-1dcbc25af3a1,2025-04-08T14:36:57.000Z,2025-04-08T15:41:06.000Z,"RHWO 10:35",RHWO,gleaning/searching,dead,"tertiary limb","1 live tree",Pipa,11-20cm,18,39.7,330,30.649738,-84.226789,3,3394065,765760,16R,Foraging,unknown,25,"Flew away with big grub, maybe caterpillar",10:35
c02c09e7-9915-4618-b871-50e01c1a8dbc,817b6fc7-ed49-4ba3-ad6f-c8626a334fad,2025-04-08T14:04:51.000Z,2025-04-08T15:41:02.000Z,"RHWO 10:03",RHWO,gleaning/searching,alive,"tertiary limb","1 live tree",Pita,41-50cm,15,56,243,30.651317,-84.215958,7,3394266,766794,16R,Foraging,unknown,70,"Gingerly pecking at needles",10:03
7c68bcdc-cff9-4a99-9b73-f5af876081b8,817b6fc7-ed49-4ba3-ad6f-c8626a334fad,2025-04-08T13:48:44.000Z,2025-04-08T15:41:00.000Z,"DOWO 09:46",DOWO,"Other (includes not foraging)",dead,"secondary limb","3 dead ﹤3yr, tertiary limbs decaying",Pita,51-60cm,600,64,278,30.650533,-84.215852,3,3394179,766806,16R,Excavation,female,85,"Cav facing east way up on crown of snag",09:46
e83346e0-b620-4812-9011-3455fe2435ac,a0b9cbb5-a255-4fc9-b3b6-56c568f408a7,2025-04-08T12:59:55.000Z,2025-04-08T15:40:57.000Z,"DOWO 08:59",DOWO,drilling/probing,dead,"tertiary limb","1 live tree",Pipa,11-20cm,25,18,80,30.658913,-84.205427,4,3395133,767783,16R,Foraging,female,35,,08:59
2cb6d5e4-5a8d-4d4c-9180-fd87f5828d90,0474da23-4929-46f9-831e-040496e933e6,2025-04-02T15:13:59.000Z,2025-04-07T12:22:32.000Z,"RBWO 11:12",RBWO,gleaning/searching,alive,"secondary limb","1 live tree","Long leaf pine",41-50cm,16,52,239,30.867003,-84.024644,3,3418654,784499,16R,Foraging,unknown,60,,11:12
2fce2a14-1f10-43ae-8c86-df8fb0b2ef0c,902232d5-3d60-4231-b6e4-d371f679a889,2025-04-04T14:29:25.000Z,2025-04-04T14:47:03.000Z,"RBWO 10:28",RBWO,gleaning/searching,alive,"secondary limb","1 live tree","Live oak",61-70cm,23,13,232,30.658578,-84.204777,4,3395098,767846,16R,Foraging,female,70,"Grabbed something went over to pine stones then pounded at it and came back to live oak after obs",10:28
d8ae6c34-fb84-488a-8b1e-a440cf5cdb25,1f60bd36-98ba-4170-8cf4-bcd2af8913d9,2025-04-04T12:25:57.000Z,2025-04-04T14:46:59.000Z,"RCWO 08:25",RCWO,flaking,alive,"upper bole (above first secondary limb)","1 live tree",Piec,41-50cm,58,55.5,204,30.661039,-84.237853,4,3395292,764668,16R,Foraging,unknown,75,,08:25
34baa0a2-745a-4e8b-97ed-ae494f680cc4,2d908c1f-30c9-4025-b6fd-42b5aef27c58,2025-04-03T12:30:12.000Z,2025-04-03T12:59:04.000Z,"RHWO 08:28",RHWO,gleaning/searching,dead,"tertiary limb","1 live tree",Pita,31-40cm,21,25,296,30.65034,-84.216575,5,3394156,766737,16R,Foraging,unknown,40,,08:28
a0672337-6a26-4d77-b053-19a33db2ed62,2d908c1f-30c9-4025-b6fd-42b5aef27c58,2025-04-03T11:57:07.000Z,2025-04-03T12:59:02.000Z,"RBWO 07:56",RBWO,gleaning/searching,dead,"secondary limb","1 live tree",Pita,41-50cm,22,33,20,30.649469,-84.21483,4,3394064,766907,16R,Foraging,male,80,,07:56
4555b402-7dcb-472d-bc7f-3f91ca4e5b41,2d908c1f-30c9-4025-b6fd-42b5aef27c58,2025-04-03T11:46:46.000Z,2025-04-03T12:59:00.000Z,"RBWO 07:45",RBWO,gleaning/searching,dead,"secondary limb","1 live tree",Pita,61-70cm,35,24.8,265,30.650713,-84.215617,4,3394200,766828,16R,Foraging,female,65,,07:45
57088fa8-81cc-41c5-a9a2-4f087c0e2425,138c159d-2bd3-44b7-b1a1-fd45fb362976,2025-04-02T16:36:35.000Z,2025-04-02T17:49:45.000Z,"RBWO 12:34",RBWO,"Other (includes not foraging)",dead,"upper bole (above first secondary limb)","5 loss most of secondary limbs",Pinus,31-40cm,600,51,221,30.850426,-84.011656,6,3416849,785791,16R,Prospecting,male,90,"Calling next to cavity. Cav is 80' high facing northwest",12:34
cfc0a900-4872-4bd4-8970-9bdef1b33eee,138c159d-2bd3-44b7-b1a1-fd45fb362976,2025-04-02T16:10:02.000Z,2025-04-02T17:49:43.000Z,"RBWO 12:08",RBWO,"Other (includes not foraging)",alive,"lower bole (below first secondary limb)","1 live tree",Pipa,41-50cm,600,68,89,30.849069,-84.009761,7,3416703,785976,16R,Prospecting,male,55,"Calling from next to old RCW cavity similar to rbwo from plot 14 today",12:08
88d5cb31-399b-4e5f-8174-689d2a8d0706,138c159d-2bd3-44b7-b1a1-fd45fb362976,2025-04-02T16:05:38.000Z,2025-04-02T17:49:41.000Z,"RCWO 12:04",RCWO,gleaning/searching,alive,"tertiary limb","1 live tree",Pipa,61-70cm,16,41.7,5,30.84871,-84.011003,9,3416660,785859,16R,Foraging,unknown,70,"Landed near yellow gall on branch but didnt peck at it",12:04
d7302bf4-930b-4206-a0ad-e18a355af43a,398ae450-2860-402f-8a40-8d55eda38282,2025-04-02T14:19:27.000Z,2025-04-02T17:49:37.000Z,"RHWO 10:18",RHWO,gleaning/searching,alive,"upper bole (above first secondary limb)","1 live tree",Piel,51-60cm,28,52,264,30.835994,-84.015628,4,3415239,785454,16R,Foraging,unknown,60,"Looks like it grabbed something from under the bark. Spooked off by its mate.",10:18
b1918e55-b724-4f27-b6fd-67747d6e895c,398ae450-2860-402f-8a40-8d55eda38282,2025-04-02T14:02:43.000Z,2025-04-02T17:49:35.000Z,"RHWO 10:01",RHWO,"Other (includes not foraging)",dead,"lower bole (below first secondary limb)","5 loss most of secondary limbs",Pinus,51-60cm,600,88,94,30.835649,-84.017348,4,3415196,785290,16R,Excavation,unknown,75,"Cavity facing west. Seen pecking inside the cavity",10:01
d98b7ff4-1dab-4150-8c16-0028c1533e1c,398ae450-2860-402f-8a40-8d55eda38282,2025-04-02T13:51:32.000Z,2025-04-02T17:49:33.000Z,"RCWO 09:50",RCWO,drilling/probing,dead,"secondary limb","1 live tree",Pipa,31-40cm,46,51,316,30.836323,-84.017706,5,3415270,785254,16R,Foraging,unknown,75,"Was old cavity tree",09:50
b406696c-6cff-4c69-8337-6ab38298bcc2,398ae450-2860-402f-8a40-8d55eda38282,2025-04-02T13:44:04.000Z,2025-04-02T17:49:31.000Z,"RBWO 09:42",RBWO,"Other (includes not foraging)",alive,"lower bole (below first secondary limb)","1 live tree",Pipa,51-60cm,600,56,312,30.836378,-84.017614,3,3415276,785263,16R,Prospecting,male,45,"Live tree old RCW hole. Sitting outside of it and calling.active rcw tree as well but lower cavity than the rbwo",09:42
faa16aa3-c2f6-402e-b442-85219f434644,398ae450-2860-402f-8a40-8d55eda38282,2025-04-02T13:31:38.000Z,2025-04-02T17:49:29.000Z,"RHWO 09:27",RHWO,gleaning/searching,alive,"secondary limb","1 live tree",Pipa,41-50cm,39,52,97,30.836585,-84.016863,6,3415301,785334,16R,Foraging,unknown,60,"Pecked a little but mostly searched",09:27
fe523cf6-b91f-47b6-9036-e38ccb17ef34,398ae450-2860-402f-8a40-8d55eda38282,2025-04-02T13:21:58.000Z,2025-04-02T17:49:27.000Z,"RBWO 09:20",RBWO,gleaning/searching,dead,"secondary limb","1 live tree",Pita,51-60cm,133,34.7,38,30.836769,-84.015606,3,3415324,785454,16R,Foraging,female,80,,09:20
86ca8fe5-3707-48a9-a84e-3f2f00fdc703,8c9f7725-69c2-489e-8ba8-cb158361489e,2025-04-02T15:38:23.000Z,2025-04-02T17:49:23.000Z,"DOWO 11:37",DOWO,gleaning/searching,dead,"secondary limb","1 live tree",Pipa,51-60cm,26,15,100,30.846012,-84.019012,5,3416341,785100,16R,Foraging,male,70,,11:37
2d6d8a4a-4d4a-40b6-aa64-a3eb9fdf0ea2,8c9f7725-69c2-489e-8ba8-cb158361489e,2025-04-02T15:18:48.000Z,2025-04-02T17:49:21.000Z,"RHWO 11:16",RHWO,drilling/probing,dead,"secondary limb","5 loss most of secondary limbs",Pinus,31-40cm,214,56,254,30.843207,-84.020375,5,3416026,784978,16R,Foraging,unknown,80,,11:16
622813d3-84b3-4526-8220-9eba522a613d,8c9f7725-69c2-489e-8ba8-cb158361489e,2025-04-02T13:02:46.000Z,2025-04-02T17:49:19.000Z,"DOWO 09:01",DOWO,gleaning/searching,dead,"tertiary limb","1 live tree",Pipa,31-40cm,17,38.1,161,30.844103,-84.020912,4,3416124,784924,16R,Foraging,male,45,"Was on short live sweetgum before moving to pine",09:01
eb82357d-c53c-41c0-a83d-6edd24a6e0ce,8c9f7725-69c2-489e-8ba8-cb158361489e,2025-04-02T12:47:35.000Z,2025-04-02T17:49:17.000Z,"RCWO 08:46",RCWO,flaking,alive,"lower bole (below first secondary limb)","1 live tree",Pipa,41-50cm,25,38.5,31,30.845225,-84.019839,5,3416251,785024,16R,Foraging,unknown,50,"Pecked at a stone for30sec before moving to bole",08:46
4dc8652e-7916-483f-a0ee-28807617fb8a,8c9f7725-69c2-489e-8ba8-cb158361489e,2025-04-02T12:42:31.000Z,2025-04-02T17:49:16.000Z,"RBWO 08:41",RBWO,gleaning/searching,dead,"secondary limb","1 live tree",Pipa,51-60cm,37,20.8,37,30.845161,-84.020369,4,3416243,784973,16R,Foraging,male,70,,08:41
2703f295-efc3-4dc3-a100-b34f60f2aadf,42efef1e-a9d0-4ecf-811f-9eab78aa88a1,2025-04-01T19:31:18.000Z,2025-04-01T19:59:22.000Z,"RBWO 15:30",RBWO,gleaning/searching,alive,"lower bole (below first secondary limb)","1 live tree",Pipa,21-30cm,28,80,303,30.657915,-84.206162,3,3395021,767715,16R,Foraging,male,40,,15:30
d5463e87-f381-4053-9a70-42df6ca87dfb,42efef1e-a9d0-4ecf-811f-9eab78aa88a1,2025-04-01T19:24:00.000Z,2025-04-01T19:59:20.000Z,"RBWO 15:23",RBWO,gleaning/searching,alive,"lower bole (below first secondary limb)","1 live tree",Piec,21-30cm,14,25,27,30.658512,-84.205775,3,3395088,767750,16R,Foraging,male,10,,15:23
6f92220e-400b-4f39-b769-3195591fd494,42efef1e-a9d0-4ecf-811f-9eab78aa88a1,2025-04-01T19:07:54.000Z,2025-04-01T19:59:19.000Z,"RHWO 15:07",RHWO,"Other (includes not foraging)",alive,"secondary limb","1 live tree",Pipa,51-60cm,20,75,280,30.658799,-84.206193,3,3395119,767709,16R,"Fighting same species",unknown,50,,15:07
0ea8009c-8253-4a40-9391-ef65657352e3,42efef1e-a9d0-4ecf-811f-9eab78aa88a1,2025-04-01T18:59:17.000Z,2025-04-01T19:59:17.000Z,"RBWO 14:57",RBWO,gleaning/searching,alive,"upper bole (above first secondary limb)","1 live tree",Pita,31-40cm,35,1,270,30.658797,-84.204398,3,3395123,767882,16R,Foraging,male,30,"Flaked for 3sec during initial foraging obs",14:57
ebc3e51a-1045-4c4d-9bcc-5a213df8ac39,187f892f-1e2e-4f5b-b1ca-35bcd8b72dba,2025-04-01T17:19:07.000Z,2025-04-01T19:59:12.000Z,"RHWO 13:17",RHWO,Hawking,dead,"secondary limb","4 loss of most tertiary limbs, secondary limbs present",Pinus,41-50cm,5,55,54,30.66074,-84.218234,4,3395305,766550,16R,Foraging,unknown,80,"Caught bug",13:17
28e1bcb4-e42f-490c-b7c1-4f4cf3e99272,187f892f-1e2e-4f5b-b1ca-35bcd8b72dba,2025-04-01T17:43:12.000Z,2025-04-01T19:59:10.000Z,"RHWO 13:42",RHWO,Hawking,alive,"upper bole (above first secondary limb)","1 live tree",Pipa,61-70cm,5,20,141,30.662954,-84.218897,5,3395549,766480,16R,Foraging,unknown,60,"Caught a bug 100' high then flew off to another tree",13:42
9d77defa-f37a-4cd7-a5d0-b13b4669aadb,187f892f-1e2e-4f5b-b1ca-35bcd8b72dba,2025-04-01T17:34:47.000Z,2025-04-01T19:59:09.000Z,"RHWO 13:33",RHWO,"Other (includes not foraging)",dead,"lower bole (below first secondary limb)","3 dead ﹤3yr, tertiary limbs decaying",Pinus,51-60cm,600,30,81,30.661817,-84.218989,4,3395423,766475,16R,Excavation,unknown,40,"25' cavity facing nw",13:33
49fcd7d4-e685-44a7-8374-e41b2e8c7b79,123e4e4a-87fa-405c-90dd-b50b8ad9aee9,2025-03-27T16:07:58.000Z,2025-03-27T16:08:15.000Z,"RHWO 12:05",RHWO,gleaning/searching,dead,"secondary limb","3 dead ﹤3yr, tertiary limbs decaying",Pine,51-60cm,24,53,340,30.661428,-84.218509,4,3395381,766522,16R,Foraging,unknown,65,"Another rhwo of an unknown sex on an adjacent secondary limb being vigilant",12:05
7b8afce3-a739-4034-89b5-f25ad9075b8a,084931c4-2938-4b90-9754-b4a9a3f392d6,2025-03-27T15:24:27.000Z,2025-03-27T16:08:12.000Z,"RCWO 11:22",RCWO,flaking,alive,"upper bole (above first secondary limb)","1 live tree",Loblolly,61-70cm,22,16,216,30.653372,-84.235785,4,3394447,764888,16R,Foraging,unknown,65,"Switching between flaking and drilling/probing behaviors",11:22
21189111-cb2e-4260-9094-fae65b46674c,084931c4-2938-4b90-9754-b4a9a3f392d6,2025-03-27T15:17:38.000Z,2025-03-27T16:08:10.000Z,"RHWO 11:15",RHWO,gleaning/searching,dead,"upper bole (above first secondary limb)","6 broken off top, bole intact",Pine?,41-50cm,29,44,148,30.653341,-84.235781,3,3394443,764888,16R,Foraging,unknown,90,"Landed at a cavity but immediately started foraging around the bole",11:15
2f134b10-f5eb-4d65-980e-3eb1d5f05d19,084931c4-2938-4b90-9754-b4a9a3f392d6,2025-03-27T15:01:20.000Z,2025-03-27T16:08:08.000Z,"RBWO 10:59",RBWO,drilling/probing,dead,"secondary limb","1 live tree",Pine,31-40cm,150,41,148,30.652812,-84.235068,3,3394386,764958,16R,Foraging,male,55,,10:59
016372ed-5059-45a4-8d7d-2a619568c2f1,68615e9a-703b-4ecc-bc68-ee9e491a7d3e,2025-03-26T15:37:15.000Z,2025-03-26T18:04:59.000Z,"RHWO 11:34",RHWO,drilling/probing,alive,"secondary limb","1 live tree","Pine (loblolly?)",51-60cm,28,48,112,30.621516,-83.676305,4,3390710,243454,17R,Foraging,unknown,60,,11:34
89ea6100-24db-4e96-9c56-121d471a9499,45a56019-23b9-4f01-913f-9b5a8e198ef1,2025-03-26T13:13:06.000Z,2025-03-26T18:04:54.000Z,"RBWO 09:04",RBWO,gleaning/searching,alive,"secondary limb","1 live tree",Pine,61-70cm,187,57,226,30.630188,-83.675701,4,3391671,243535,17R,Foraging,male,70,"Another RBWO of an unknown sex flew to same secondary limb and was being vigilant less than a m away for about 30 seconds before flying away.",09:04
386c437d-eeec-4b6a-b335-e202590ea4d4,f35f1d3c-5d7c-4083-9853-f1ff9322aef6,2025-03-25T15:12:58.000Z,2025-03-25T19:50:39.000Z,"RHWO 11:09",RHWO,gleaning/searching,dead,"upper bole (above first secondary limb)","5 loss most of secondary limbs",Pine,61-70cm,43,21,287,30.650053,-84.226069,4,3394102,765828,16R,Foraging,unknown,90,,11:09
9942e64c-d437-4d30-88a2-367b1825bb8e,9c4a477a-760d-4906-8a99-3c165fbba965,2025-03-19T18:58:16.000Z,2025-03-21T13:04:10.000Z,"DOWO 14:53",DOWO,gleaning/searching,alive,"secondary limb","1 live tree","Post oak",21-30cm,20,31,254,30.866957,-84.025637,4,3418647,784405,16R,Foraging,male,60,,14:53
426b8c62-9d6c-4782-a3d3-f93b36c33fd1,d4e45fd8-79ee-42e5-ba2e-a6dc8e0c4be7,2025-03-19T18:08:45.000Z,2025-03-21T13:04:06.000Z,"RHWO 14:06",RHWO,"Other (includes not foraging)",dead,"secondary limb","1 live tree","Long leaf pine",51-60cm,1,50,205,30.868689,-84.008152,4,3418883,786072,16R,"Fighting same species",unknown,50,"First RHWO flew to tree and attacked second RHWO, got spooked off",14:06
5e85d81f-ec82-49ee-897a-f7cc445e6946,d4e45fd8-79ee-42e5-ba2e-a6dc8e0c4be7,2025-03-19T17:42:06.000Z,2025-03-21T13:04:04.000Z,"RHWO 13:40",RHWO,gleaning/searching,alive,"upper bole (above first secondary limb)","1 live tree","Long leaf pine",51-60cm,80,37,4,30.869,-84.0103,4,3418912,785866,16R,Foraging,unknown,50,,13:40
d5bf1f72-2495-4660-9537-86f06a4240f2,877cc713-788a-4f16-8cec-2f0f94cbacac,2025-03-19T16:59:46.000Z,2025-03-21T13:04:00.000Z,"RHWO 12:56",RHWO,"Other (includes not foraging)",alive,,"1 live tree","Long leaf pine",41-50cm,210,40,260,30.860831,-84.014256,4,3417996,785511,16R,Foraging,unknown,65,"Brought acorn to tree, placed on limb and pecked at it. Also was vigilant between foraging attempts.",12:56
e877d435-92a6-4a6d-9818-6a4d15cf3f93,cf87135e-02d9-4a7e-bc22-99de268d5831,2025-03-19T16:55:21.000Z,2025-03-19T20:12:50.000Z,"RHWO 12:53",RHWO,gleaning/searching,dead,"upper bole (above first secondary limb)","3 dead ﹤3yr, tertiary limbs decaying",Pipa,41-50cm,84,89,224,30.860819,-84.014256,7,3417995,785512,16R,Foraging,unknown,70,,12:53
2d5e0066-b3a7-4a66-8f01-753fba49335b,c39ff074-ff71-413b-8617-f048073ab8f6,2025-03-19T18:54:40.000Z,2025-03-19T20:12:47.000Z,"RBWO 14:52",RBWO,drilling/probing,dead,"secondary limb","1 live tree","Live oak",51-60cm,79,48.8,274,30.866985,-84.025821,4,3418649,784387,16R,Foraging,male,55,"Went back to probing a hole in the limb after 40sec of hanging out on bole when a bird disturbed it. Foraged for another 30 sec",14:52
b7c082ac-b23d-4b88-b20b-9e328d2d239e,c39ff074-ff71-413b-8617-f048073ab8f6,2025-03-19T18:39:36.000Z,2025-03-19T20:12:45.000Z,"DOWO 14:38",DOWO,gleaning/searching,alive,"upper bole (above first secondary limb)","1 live tree","Quercus stellata",21-30cm,39,53.6,295,30.866908,-84.024876,5,3418643,784478,16R,Foraging,unknown,60,,14:38
4c123a2f-72e9-401b-826c-893793608eab,c39ff074-ff71-413b-8617-f048073ab8f6,2025-03-19T15:33:21.000Z,2025-03-19T20:12:43.000Z,"RBWO 11:31",RBWO,"Other (includes not foraging)",alive,"upper bole (above first secondary limb)","1 live tree",Pipa,41-50cm,60,80,120,30.866251,-84.024048,10,3418572,784559,16R,"Fighting same species",unknown,80,"3 RBWO fighting near snag in drain",11:31
265176ae-6426-4bc8-a92f-8e33e1453128,38555a09-59e2-4dca-accc-029b0adae3ce,2025-03-19T14:15:46.000Z,2025-03-19T20:12:39.000Z,"RBWO 10:13",RBWO,"Other (includes not foraging)",dead,"secondary limb","4 loss of most tertiary limbs, secondary limbs present","Live oak",61-70cm,20,72,250,30.846236,-84.020339,4,3416362,784973,16R,"Fighting different species (specify in comments)",male,60,"Faught BHNU and lost",10:13
d7da77be-e3ef-4629-aeb9-3b4a560e2fd0,341f06d1-42af-41b1-a6f5-40098cef7bc4,2025-03-19T13:26:26.000Z,2025-03-19T20:12:35.000Z,"RBWO 09:24",RBWO,"Other (includes not foraging)",alive,"upper bole (above first secondary limb)","1 live tree",Pipa,41-50cm,1,91,100,30.849022,-84.011214,3,3416695,785838,16R,Prospecting,unknown,70,,09:24
a3595e44-52c6-4ff1-91e9-81f90eb1c3da,341f06d1-42af-41b1-a6f5-40098cef7bc4,2025-03-19T13:24:13.000Z,2025-03-19T20:12:34.000Z,"RHWO 09:21",RHWO,gleaning/searching,dead,"secondary limb","1 live tree",Pipa,41-50cm,11,1,270,30.849001,-84.011461,4,3416692,785814,16R,Foraging,unknown,85,,09:21
98f3063a-d7c0-4d74-a344-e0c17606d3e8,6a76ee80-ea17-47ad-ae84-3be529f72a2b,2025-03-19T12:43:42.000Z,2025-03-19T20:12:30.000Z,"RCWO 08:41",RCWO,flaking,alive,"upper bole (above first secondary limb)","1 live tree",Pipa,31-40cm,28,0.1,180,30.865228,-84.043086,3,3418410,782741,16R,Foraging,unknown,75,"With 1 other",08:41
08d33ddc-1f6d-404d-b4e5-39f1a0f6232a,4cac681b-e777-4f42-a30b-6a194f39a28d,2025-03-18T18:51:00.000Z,2025-03-18T20:42:34.000Z,"RCWO 14:49",RCWO,flaking,alive,"upper bole (above first secondary limb)","1 live tree",Pipa,11-20cm,264,43,38,30.626265,-83.665599,4,3391213,244494,17R,Foraging,unknown,75,"Al on left Or on right same as other obs.",14:49
a7426ba5-4f76-490b-b29b-bf2d9dfb79c4,4cac681b-e777-4f42-a30b-6a194f39a28d,2025-03-18T18:33:07.000Z,2025-03-18T20:42:32.000Z,"RCWO 14:31",RCWO,gleaning/searching,alive,"lower bole (below first secondary limb)","1 live tree",Pipa,11-20cm,61,42,12,30.626214,-83.665582,3,3391207,244495,17R,Foraging,unknown,45,"Searched then started flaking LL: Al RL: Or maybe DG",14:31
f591beb2-d4e1-4319-bd51-c7f04234838c,4cac681b-e777-4f42-a30b-6a194f39a28d,2025-03-18T18:00:30.000Z,2025-03-18T20:42:31.000Z,"RBWO 13:59",RBWO,drilling/probing,dead,"secondary limb","1 live tree","Live oak",61-70cm,201,18,73,30.626694,-83.667487,5,3391264,244314,17R,Foraging,female,60,"Eating acorn. Used hole in tree as anvil",13:59
97384631-1627-42a0-861c-9e518d377c00,4cac681b-e777-4f42-a30b-6a194f39a28d,2025-03-18T17:54:20.000Z,2025-03-18T20:42:29.000Z,"DOWO 13:52",DOWO,drilling/probing,alive,"secondary limb","1 live tree","Live oak",61-70cm,122,18,241,30.626642,-83.667509,3,3391259,244311,17R,Foraging,male,20,"Female nearby",13:52
90dc7c13-06e0-4cee-8d01-20750531281a,e56ff335-8c15-4c5d-a2fe-100a2f41ec2e,2025-03-18T17:09:10.000Z,2025-03-18T20:42:25.000Z,"RHWO 13:07",RHWO,"Other (includes not foraging)",dead,"secondary limb","1 live tree",Piel,41-50cm,600,66.5,273,30.633975,-83.655557,4,3392045,245477,17R,Prospecting,unknown,45,"Hole on underside of long dead limb",13:07
fcf3a4ed-603b-4542-8db4-eeff3b82916d,8f68b21c-79be-4a12-aedc-31b7eeabf671,2025-03-18T15:30:22.000Z,2025-03-18T20:42:22.000Z,"RBWO 11:25",RBWO,gleaning/searching,dead,"secondary limb","1 live tree",Piec,41-50cm,29,40,329,30.621555,-83.676778,3,3390716,243409,17R,Foraging,female,65,,11:25
fa3d9f90-9936-4e82-87da-5512e2b3139c,91477245-fa12-46ea-aed7-f392c190a8de,2025-03-18T13:15:13.000Z,2025-03-18T20:42:17.000Z,"RBWO 09:14",RBWO,gleaning/searching,dead,"secondary limb","1 live tree",Pipa,21-30cm,71,102,344,30.638046,-83.690101,3,3392575,242175,17R,Foraging,unknown,45,,09:14
5165d127-915a-409c-9c4c-d19186a0f988,47814928-d7c2-45de-a6ea-391f9d6fb869,2025-03-18T12:35:01.000Z,2025-03-18T20:42:14.000Z,"DOWO 08:32",DOWO,flaking,alive,"secondary limb","1 live tree",Pita,41-50cm,21,88.9,199,30.633801,-83.700964,3,3392129,241123,17R,Foraging,unknown,80,,08:32
6f114766-7258-4d6c-a975-076cc355bce5,434e1c3f-43a4-4ade-888c-47a08f8b6b6e,2025-03-18T18:50:20.000Z,2025-03-18T20:24:16.000Z,"RBWO 14:48",RBWO,gleaning/searching,alive,"upper bole (above first secondary limb)","1 live tree",Pine,31-40cm,25,35,270,30.626489,-83.666316,5,3391239,244425,17R,Foraging,female,50,,14:48
769a1d13-27be-41bd-bae3-ac600e3e228c,434e1c3f-43a4-4ade-888c-47a08f8b6b6e,2025-03-18T17:59:32.000Z,2025-03-18T20:24:14.000Z,"RBWO 13:52",RBWO,gleaning/searching,dead,"secondary limb","1 live tree",Hardwood,41-50cm,50,32.3,85,30.626625,-83.667524,5,3391257,244310,17R,Foraging,female,50,"Moving slowly around the tree, searching behavior.",13:52
b70f6f72-5174-494f-9974-e048d5da8a01,434e1c3f-43a4-4ade-888c-47a08f8b6b6e,2025-03-18T18:00:44.000Z,2025-03-18T20:24:12.000Z,"DOWO 13:59",DOWO,gleaning/searching,alive,"secondary limb","1 live tree",Hardwood,41-50cm,100,30.8,85,30.626682,-83.667487,3,3391263,244314,17R,Foraging,female,50,"Moving around the limb quickly, searching behavior.",13:59
9f0b57c6-f194-4c60-a846-f2db94bc2522,434e1c3f-43a4-4ade-888c-47a08f8b6b6e,2025-03-18T17:04:41.000Z,2025-03-18T20:24:10.000Z,"RHWO 12:59",RHWO,"Other (includes not foraging)",dead,"secondary limb","1 live tree",Loblolly,41-50cm,600,33.5,296,30.628624,-83.645317,3000,3391428,246444,17R,Resting/Preening/Vigilance,unknown,60,,12:59
4437406a-dd83-42ca-a195-9e293fa8c4e1,55e82b97-a5ce-4879-8fe4-c7129c7d0771,2025-03-17T18:24:36.000Z,2025-03-17T18:33:59.000Z,"DOWO 14:22",DOWO,"Other (includes not foraging)",dead,other,"8 well-decayed bole, ﹤3m",Na,11-20cm,15,0,0,30.655876,-84.208225,9,3394790,767523,16R,"Fighting different species (specify in comments)",female,0,"Dowo recorded losing fight for BHNU box near tenant house. 

30.651722, 84.220184",14:22
26b86665-8523-4a54-b760-702613b75e5e,38597bf6-3b9f-465e-9d67-d844da28cb69,2025-03-17T15:32:08.000Z,2025-03-17T17:44:28.000Z,"RHWO 11:22",RHWO,gleaning/searching,alive,"secondary limb","1 live tree","Quercus stellata",31-40cm,130,74,21,30.673394,-84.233278,4,3396673,765073,16R,Foraging,unknown,70,,11:22
4f11f526-771c-4b9a-9416-10d39b4bed13,70656d78-3c37-40d4-9b1b-f8bf4b62698a,2025-03-16T18:55:34.000Z,2025-03-16T19:38:57.000Z,"RHWO 14:54",RHWO,drilling/probing,dead,"secondary limb","1 live tree","Live oak",51-60cm,29,66,281,30.657349,-84.205092,5,3394961,767819,16R,Foraging,unknown,75,,14:54
d19a3749-9eab-4910-bd8f-774a5bb660d2,fe889f89-bf9a-4f01-8366-ebcdc6b74d4e,2025-03-16T18:09:40.000Z,2025-03-16T19:38:53.000Z,"RBWO 14:08",RBWO,"Other (includes not foraging)",alive,"upper bole (above first secondary limb)","1 live tree",Quercus,1-10cm,2,62.8,352,30.674855,-84.234752,3,3396831,764928,16R,Foraging,male,20,"Male rbwo pushed off male down from bole",14:08
78eea4cf-f532-4d9a-9c92-7796308f0bd6,fe889f89-bf9a-4f01-8366-ebcdc6b74d4e,2025-03-16T18:02:14.000Z,2025-03-16T19:38:51.000Z,"DOWO 14:01",DOWO,gleaning/searching,alive,"upper bole (above first secondary limb)","1 live tree",Piec,1-10cm,30,30,343,30.674627,-84.234768,4,3396806,764927,16R,Foraging,male,75,,14:01
ff6550e5-f110-4ccf-9b24-9526557304f8,fe889f89-bf9a-4f01-8366-ebcdc6b74d4e,2025-03-16T17:45:30.000Z,2025-03-16T19:38:50.000Z,"RBWO 13:44",RBWO,gleaning/searching,dead,"secondary limb","2 recently dead, needles present",Piec,21-30cm,14,35,187,30.672286,-84.233603,5,3396549,765045,16R,Foraging,female,70,"Moved around a lot",13:44
3b75a7a9-6fa7-41bd-9b0e-dcc78f4cb725,fe889f89-bf9a-4f01-8366-ebcdc6b74d4e,2025-03-16T17:24:13.000Z,2025-03-16T19:38:48.000Z,"RCWO 13:23",RCWO,flaking,alive,"lower bole (below first secondary limb)","1 live tree",Piec,41-50cm,62,55,3,30.672533,-84.234991,4,3396573,764911,16R,Foraging,unknown,55,,13:23
89ee2ee3-8cec-4bf7-8deb-ecd404adb37d,fe889f89-bf9a-4f01-8366-ebcdc6b74d4e,2025-03-16T17:18:11.000Z,2025-03-16T19:38:46.000Z,"RHWO 13:16",RHWO,gleaning/searching,alive,"secondary limb","1 live tree","Quercus stellata",31-40cm,14,144,37,30.671917,-84.235529,5,3396504,764862,16R,Foraging,unknown,45,"Crawled under limb then loaded on top it",13:16
81a7691f-8bd5-4055-9ac9-0f7e62af9055,fe889f89-bf9a-4f01-8366-ebcdc6b74d4e,2025-03-16T17:10:03.000Z,2025-03-16T19:38:44.000Z,"RBWO 13:08",RBWO,gleaning/searching,alive,"secondary limb","1 live tree",Piec,31-40cm,92,40.6,345,30.6721,-84.235203,6,3396525,764892,16R,Foraging,female,75,"Started at 60 and went to 90",13:08
7ffd21bd-4e6b-4eb6-89ef-f588689944a0,fe889f89-bf9a-4f01-8366-ebcdc6b74d4e,2025-03-16T17:02:41.000Z,2025-03-16T19:38:43.000Z,"DOWO 13:01",DOWO,gleaning/searching,dead,"tertiary limb","1 live tree",Piec,51-60cm,32,55.5,254,30.672207,-84.235083,9,3396537,764903,16R,Foraging,male,40,,13:01
2d7e3e19-b816-4457-84c4-6b8a6f4df20e,5779fa93-2e2e-4bc0-a841-3c6309be8086,2025-03-16T16:34:10.000Z,2025-03-16T19:38:39.000Z,"RHWO 12:33",RHWO,gleaning/searching,dead,"secondary limb","1 live tree",Piec,41-50cm,12,87.7,23,30.660358,-84.238191,4,3395216,764638,16R,Foraging,unknown,55,,12:33
de92191a-ef09-446e-bb78-e00df4ff1ca0,23dadc95-4479-497b-a080-adede5d761ca,2025-03-16T15:10:40.000Z,2025-03-16T19:38:35.000Z,"RCWO 11:09",RCWO,flaking,alive,"upper bole (above first secondary limb)","1 live tree",Piec,51-60cm,54,36.4,230,30.650772,-84.224012,3,3394186,766023,16R,Foraging,unknown,70,,11:09
0e4ca3a4-7422-4e87-ae7c-296c4fef6d67,481297aa-f7cf-4cd8-b53a-4f202cde8105,2025-03-16T14:40:37.000Z,2025-03-16T19:38:31.000Z,"RHWO 10:39",RHWO,"Other (includes not foraging)",dead,"lower bole (below first secondary limb)","6 broken off top, bole intact",Pinus,51-60cm,600,28.5,296,30.650193,-84.216246,5,3394140,766769,16R,Prospecting,unknown,90,"Punky snag near road. Not moving",10:39
26f4a2cc-0742-4060-a8f1-528958045faf,bbfd1e7b-7a7b-4a3d-bd8b-f71d4fb2671f,2025-03-15T13:02:38.000Z,2025-03-15T23:21:54.000Z,"RHWO 09:00",RHWO,drilling/probing,dead,"secondary limb","3 dead ﹤3yr, tertiary limbs decaying",Pipa,41-50cm,15,57,275,30.661983,-84.218066,6,3395443,766563,16R,Foraging,unknown,45,"Probing intermittently with vigilance for past 15min.",09:00
9d0c51f8-c82b-4838-8d62-e9ffe9d07dfd,bbfd1e7b-7a7b-4a3d-bd8b-f71d4fb2671f,2025-03-15T12:37:21.000Z,2025-03-15T23:21:52.000Z,"RCWO 08:35",RCWO,gleaning/searching,alive,"lower bole (below first secondary limb)","1 live tree",Pita,51-60cm,57,88.3,297,30.672877,-84.218931,5,3396649,766450,16R,Foraging,unknown,45,"With other RCW foraging close on bole",08:35
9be57182-af86-4c0b-89d3-39518d359beb,bbfd1e7b-7a7b-4a3d-bd8b-f71d4fb2671f,2025-03-15T12:32:41.000Z,2025-03-15T23:21:50.000Z,"RHWO 08:31",RHWO,flaking,alive,"secondary limb","1 live tree",Piec,61-70cm,81,39.3,335,30.672908,-84.218496,5,3396654,766491,16R,Foraging,unknown,75,"Probed dead secondary branch and briefly held on to live tertiary limb before flaking",08:31
a5c56f39-5328-4b6d-842e-965a48e0107e,bbfd1e7b-7a7b-4a3d-bd8b-f71d4fb2671f,2025-03-15T12:27:36.000Z,2025-03-15T23:21:48.000Z,"RHWO 08:26",RHWO,"Other (includes not foraging)",dead,"upper bole (above first secondary limb)","5 loss most of secondary limbs",Pinus,51-60cm,15,81.8,323,30.672812,-84.218295,3,3396644,766511,16R,"Fighting same species",unknown,80,"Faught other red head as a pair",08:26
a7860b15-69b0-4cb1-8595-0aaf7580b858,62880b12-75bd-4354-aa98-0c2da676b254,2025-03-13T17:46:56.000Z,2025-03-13T19:37:41.000Z,"DOWO 13:45",DOWO,gleaning/searching,alive,"tertiary limb","1 live tree","Turkey oak",11-20cm,26,57.7,182,30.8655,-84.046049,4,3418433,782456,16R,Foraging,female,80,,13:45
b4d5136e-6cab-45fb-96b3-88634276f52d,62880b12-75bd-4354-aa98-0c2da676b254,2025-03-13T17:28:53.000Z,2025-03-13T19:37:39.000Z,"RCWO 13:27",RCWO,flaking,alive,"secondary limb","1 live tree",Pipa,31-40cm,63,54.5,93,30.865693,-84.046948,4,3418452,782370,16R,Foraging,unknown,55,"Left to forage on secondary dead limb on same tree",13:27
598eb54a-e48c-4832-a5f7-b54b5e3ee9fb,62880b12-75bd-4354-aa98-0c2da676b254,2025-03-13T17:25:24.000Z,2025-03-13T19:37:37.000Z,"DOWO 13:24",DOWO,gleaning/searching,alive,"tertiary limb","1 live tree",Pipa,31-40cm,102,10.7,68,30.865625,-84.046945,5,3418445,782370,16R,Foraging,female,70,,13:24
702eabcf-5337-4f64-958b-d7ace76848a2,62880b12-75bd-4354-aa98-0c2da676b254,2025-03-13T17:11:11.000Z,2025-03-13T19:37:35.000Z,"RCWO 13:09",RCWO,flaking,alive,"secondary limb","1 live tree",Pipa,51-60cm,115,48.9,316,30.865055,-84.045857,3,3418384,782476,16R,Foraging,unknown,60,"With 2 others one was on bole nearby",13:09
06072805-50e4-4aca-8df1-6b496d5a0988,62880b12-75bd-4354-aa98-0c2da676b254,2025-03-13T16:34:31.000Z,2025-03-13T19:37:34.000Z,"RCWO 12:33",RCWO,flaking,alive,"secondary limb","1 live tree",Pipa,31-40cm,232,30.4,266,30.864928,-84.045282,4,3418372,782531,16R,Foraging,unknown,85,,12:33
3ea4b1f4-b2a9-4a7f-87ad-2bc190ab4a20,0920d06e-0bf6-496f-8ecb-8c523aaad98d,2025-03-13T14:36:55.000Z,2025-03-13T19:37:30.000Z,"RCWO 10:35",RCWO,drilling/probing,alive,"upper bole (above first secondary limb)","1 live tree",Pipa,51-60cm,231,42,287,30.861546,-84.014845,8,3418074,785453,16R,Foraging,unknown,45,"Probing scar, not excivating",10:35
4b732748-0407-4eaa-bd83-0ec2299c742d,d3f2f2e7-014e-4220-812e-cc4f1ba0eda9,2025-03-13T13:51:28.000Z,2025-03-13T19:37:26.000Z,"RBWO 09:48",RBWO,gleaning/searching,alive,"upper bole (above first secondary limb)","1 live tree",Pipa,41-50cm,106,44,213,30.84974,-84.010217,8,3416777,785931,16R,Foraging,male,75,,09:48
ddbdee12-cf93-4af2-ab42-090917519199,d3f2f2e7-014e-4220-812e-cc4f1ba0eda9,2025-03-13T14:04:59.000Z,2025-03-13T19:37:24.000Z,"RBWO 10:04",RBWO,gleaning/searching,alive,"tertiary limb","1 live tree",Pipa,61-70cm,65,29,94,30.850023,-84.010266,6,3416808,785925,16R,Foraging,male,75,,10:04
d2891c4e-c3bf-423f-a48c-e9356b987ac3,d3f2f2e7-014e-4220-812e-cc4f1ba0eda9,2025-03-13T13:52:34.000Z,2025-03-13T19:37:22.000Z,"RBWO 09:51",RBWO,"Other (includes not foraging)",dead,"upper bole (above first secondary limb)","4 loss of most tertiary limbs, secondary limbs present",Pinus,41-50cm,100,38,335,30.84971,-84.010185,3,3416773,785934,16R,Prospecting,male,80,,09:51
9e85721a-1c1b-4743-b80f-3129295ff083,9260130d-f757-4e42-8d0a-1c4087c38e98,2025-03-13T12:54:55.000Z,2025-03-13T19:37:19.000Z,"RCWO 08:54",RCWO,flaking,alive,"upper bole (above first secondary limb)","1 live tree",Pipa,51-60cm,44,64,225,30.83522,-84.017818,4,3415147,785247,16R,Foraging,unknown,90,,08:54
cd437c1c-dafd-465c-a467-139a75664f73,9260130d-f757-4e42-8d0a-1c4087c38e98,2025-03-13T12:50:41.000Z,2025-03-13T19:37:17.000Z,"RHWO 08:49",RHWO,drilling/probing,dead,"secondary limb","5 loss most of secondary limbs",Pinus,51-60cm,51,51,206,30.836023,-84.016233,4,3415240,785396,16R,Foraging,unknown,98,"Probed a hole that was already there. Potential cache tree",08:49
ecc3802d-1776-4450-b107-706d8edb24ce,9260130d-f757-4e42-8d0a-1c4087c38e98,2025-03-13T12:44:36.000Z,2025-03-13T19:37:15.000Z,"DOWO 08:43",DOWO,gleaning/searching,alive,"tertiary limb","1 live tree",Piel,61-70cm,33,21,332,30.836136,-84.016816,6,3415251,785340,16R,Foraging,female,95,,08:43
11067818-f99e-4984-8de8-ed37557d3e98,9260130d-f757-4e42-8d0a-1c4087c38e98,2025-03-13T12:15:56.000Z,2025-03-13T19:37:13.000Z,"DOWO 08:14",DOWO,gleaning/searching,dead,"tertiary limb","1 live tree",Piel,51-60cm,20,18.1,180,30.836525,-84.016307,4,3415296,785387,16R,Foraging,male,80,,08:14
f486df31-8973-4c9c-a4f0-52ee74c500be,9260130d-f757-4e42-8d0a-1c4087c38e98,2025-03-13T12:23:12.000Z,2025-03-13T19:37:12.000Z,"RCWO 08:22",RCWO,flaking,alive,"upper bole (above first secondary limb)","1 live tree",Piel,51-60cm,196,33.6,150,30.836474,-84.016281,4,3415290,785390,16R,Foraging,unknown,75,,08:22
9242d4c7-5054-4d5f-9dbb-38a98c8e7304,9260130d-f757-4e42-8d0a-1c4087c38e98,2025-03-13T12:38:03.000Z,2025-03-13T19:37:10.000Z,"RCWO 08:37",RCWO,gleaning/searching,alive,"secondary limb","1 live tree",Piel,41-50cm,28,52,151,30.836541,-84.016584,5,3415297,785361,16R,Foraging,unknown,95,,08:37
ef0fd87a-263f-4ad3-ad17-335947661850,9260130d-f757-4e42-8d0a-1c4087c38e98,2025-03-13T12:19:02.000Z,2025-03-13T19:37:08.000Z,"RHWO 08:17",RHWO,gleaning/searching,alive,"secondary limb","1 live tree",Pipa,41-50cm,64,71,158,30.836505,-84.016297,5,3415293,785388,16R,Foraging,unknown,75,"Flew away after it got something big",08:17
224c129e-d141-4654-b74f-453b92e29534,3d97336c-e3aa-4ec0-bb1e-8b044a8a0ffd,2025-03-12T17:18:54.000Z,2025-03-12T20:37:00.000Z,"RHWO 13:16",RHWO,Hawking,dead,"upper bole (above first secondary limb)","1 live tree",Piec,51-60cm,183,55.1,304,30.758902,-84.015687,6,3406689,785676,16R,Foraging,unknown,75,"Made 2 flights and came back to same tree",13:16
c0436caf-1adc-4141-a93a-22dab6c5eefb,3d97336c-e3aa-4ec0-bb1e-8b044a8a0ffd,2025-03-12T17:06:13.000Z,2025-03-12T20:36:58.000Z,"RCWO 13:05",RCWO,gleaning/searching,alive,"lower bole (below first secondary limb)","1 live tree",Pipa,1-10cm,8,14,118,30.759374,-84.015488,6,3406742,785694,16R,Foraging,unknown,25,,13:05
ea156ffb-5c8a-40b3-b2a7-66a101e6819c,3d97336c-e3aa-4ec0-bb1e-8b044a8a0ffd,2025-03-12T16:50:59.000Z,2025-03-12T20:36:56.000Z,"RBWO 12:50",RBWO,gleaning/searching,alive,"secondary limb","1 live tree","Quercus stellata",11-20cm,8,48,14,30.760389,-84.014046,5,3406858,785829,16R,Foraging,female,50,,12:50
519bd1aa-113e-4c87-b7a3-b497f16a64bd,3d97336c-e3aa-4ec0-bb1e-8b044a8a0ffd,2025-03-12T16:44:29.000Z,2025-03-12T20:36:54.000Z,"RCWO 12:42",RCWO,flaking,alive,"lower bole (below first secondary limb)","1 live tree",Pipa,1-10cm,340,21,308,30.760383,-84.013627,3,3406859,785869,16R,Foraging,unknown,25,"Foraged 1ftfrom ground. DBAl on left,Wh?/DG/Or on right",12:42
170de253-3cd7-409c-9441-93c2084d311c,3d97336c-e3aa-4ec0-bb1e-8b044a8a0ffd,2025-03-12T16:25:15.000Z,2025-03-12T20:36:52.000Z,"RBWO 12:24",RBWO,gleaning/searching,alive,"upper bole (above first secondary limb)","1 live tree","Quercus stellata",41-50cm,27,23,244,30.760501,-84.013515,6,3406872,785880,16R,Foraging,female,70,"Same tree RCW foraged on",12:24
30029b7a-22c8-455a-8604-bc93b1b67269,3d97336c-e3aa-4ec0-bb1e-8b044a8a0ffd,2025-03-12T16:20:13.000Z,2025-03-12T20:36:51.000Z,"RCWO 12:19",RCWO,gleaning/searching,alive,"upper bole (above first secondary limb)","1 live tree","Quercus stellata",41-50cm,49,22.9,244,30.760562,-84.01353,5,3406879,785878,16R,Foraging,unknown,55,,12:19
694db418-dad5-48e9-b169-84f45975276a,2ee0df98-e274-4248-a992-f214bd45a030,2025-03-12T15:32:20.000Z,2025-03-12T20:36:47.000Z,"RBWO 11:31",RBWO,gleaning/searching,alive,"tertiary limb","1 live tree",Pipa,31-40cm,6,46.6,27,30.770221,-84.017724,5,3407939,785448,16R,Foraging,female,75,,11:31
331296c9-b578-4c14-b0b0-3d046707bd20,2ee0df98-e274-4248-a992-f214bd45a030,2025-03-12T15:30:46.000Z,2025-03-12T20:36:45.000Z,"RCWO 11:29",RCWO,flaking,alive,"upper bole (above first secondary limb)","1 live tree",Pipa,51-60cm,308,66.6,287,30.770189,-84.017847,6,3407935,785436,16R,Foraging,unknown,75,"Moved from 45% to 80% on bole",11:29
3fbb1968-dcda-4ec5-85cf-f56f7a72b7f0,884b36a9-686d-4474-9028-903be08d3890,2025-03-12T13:54:48.000Z,2025-03-12T20:36:41.000Z,"RBWO 09:53",RBWO,gleaning/searching,alive,"secondary limb","1 live tree",Pita,41-50cm,61,32.8,260,30.766816,-84.002814,6,3407600,786886,16R,Foraging,male,65,"Prior to this it was seen eating acorn and using limbof other tree as anvil",09:53
cc8123b7-f245-41b0-b964-75303329de52,884b36a9-686d-4474-9028-903be08d3890,2025-03-12T13:48:18.000Z,2025-03-12T20:36:39.000Z,"RCWO 09:47",RCWO,flaking,alive,"secondary limb","1 live tree",Pipa,31-40cm,171,50,44,30.766399,-84.002538,7,3407554,786913,16R,Foraging,unknown,80,Unbanded,09:47
21c648b6-a341-4035-b8a2-5d73f3010136,86d5c26a-82c1-4d85-b2fe-f3f30e4e294c,2025-03-12T19:37:55.000Z,2025-03-12T20:36:35.000Z,"RCWO 15:36",RCWO,flaking,alive,"upper bole (above first secondary limb)","1 live tree",Pipa,51-60cm,208,18,1,30.758437,-83.998627,5,3406674,212950,17R,Foraging,unknown,75,"Started at 60% went to 75%",15:36
ed216801-9580-4464-af7a-d6fcf750fd19,86d5c26a-82c1-4d85-b2fe-f3f30e4e294c,2025-03-12T19:08:42.000Z,2025-03-12T20:36:33.000Z,"RCWO 15:07",RCWO,flaking,alive,"upper bole (above first secondary limb)","1 live tree",Pipa,51-60cm,140,37.4,154,30.758653,-83.998086,7,3406697,213003,17R,Foraging,unknown,50,"Started at 45% ended at 50% ratio",15:07
95d144cd-81fc-4432-8a8d-e8be3d351305,86d5c26a-82c1-4d85-b2fe-f3f30e4e294c,2025-03-12T18:58:11.000Z,2025-03-12T20:36:32.000Z,"NOFL 14:56",NOFL,"Other (includes not foraging)",dead,"secondary limb","1 live tree",Pipa,31-40cm,600,51,104,30.759643,-83.998526,4,3406808,212964,17R,Resting/Preening/Vigilance,male,55,,14:56
5fead026-3c59-45cc-ad27-5141cfea96d3,86d5c26a-82c1-4d85-b2fe-f3f30e4e294c,2025-03-12T18:55:57.000Z,2025-03-12T20:36:30.000Z,"RHWO 14:54",RHWO,"Other (includes not foraging)",dead,"lower bole (below first secondary limb)","6 broken off top, bole intact",Pipa,41-50cm,1,51,100,30.759643,-83.998517,6,3406808,212964,17R,Prospecting,unknown,95,"Hole at top of burned snag",14:54
72b69cfd-32a0-412b-b40d-a8bf7e11f59d,86d5c26a-82c1-4d85-b2fe-f3f30e4e294c,2025-03-12T18:44:30.000Z,2025-03-12T20:36:28.000Z,"RHWO 14:43",RHWO,"Other (includes not foraging)",dead,"lower bole (below first secondary limb)","4 loss of most tertiary limbs, secondary limbs present",Pipa,51-60cm,1,32,271,30.759419,-83.998455,8,3406783,212970,17R,Prospecting,unknown,45,"Bringing something back to cavity",14:43
004a3253-6fcc-4f13-bb7e-8fd67c0b4bf0,86d5c26a-82c1-4d85-b2fe-f3f30e4e294c,2025-03-12T18:19:18.000Z,2025-03-12T20:36:26.000Z,"NOFL 14:18",NOFL,"Other (includes not foraging)",dead,"upper bole (above first secondary limb)","4 loss of most tertiary limbs, secondary limbs present",Pipa,41-50cm,10,97,46,30.757757,-83.998841,4,3406600,212928,17R,"Fighting same species",male,80,"Went to snag and was immediately in combat. Dont know who chased who",14:18
ab3babdc-80af-4ae5-8dc8-9f20bcd87757,86d5c26a-82c1-4d85-b2fe-f3f30e4e294c,2025-03-12T17:40:25.000Z,2025-03-12T20:36:24.000Z,"RBWO 13:39",RBWO,"Other (includes not foraging)",dead,"upper bole (above first secondary limb)","5 loss most of secondary limbs",Pipa,31-40cm,200,60,173,30.758091,-84.00044,6,3406638,787139,16R,Prospecting,male,70,,13:39
20320b71-fd71-484c-a45e-4de4a2f8eb77,86d5c26a-82c1-4d85-b2fe-f3f30e4e294c,2025-03-12T17:41:49.000Z,2025-03-12T20:36:23.000Z,"RHWO 13:40",RHWO,"Other (includes not foraging)",dead,"upper bole (above first secondary limb)","5 loss most of secondary limbs",Pipa,41-50cm,200,62,251,30.758076,-84.000376,4,3406637,787145,16R,Foraging,unknown,70,,13:40
5bed9d4d-6e27-4507-bc37-073e5433b290,86d5c26a-82c1-4d85-b2fe-f3f30e4e294c,2025-03-12T13:13:34.000Z,2025-03-12T20:36:21.000Z,"RHWO 09:12",RHWO,"Other (includes not foraging)",dead,"upper bole (above first secondary limb)","5 loss most of secondary limbs",Pipa,41-50cm,10,48.5,38,30.756709,-83.998333,6,3406482,212973,17R,Prospecting,unknown,80,,09:12
77fb86b0-2b20-4bf1-adb7-cf19e01ffe18,3d314831-4cb2-40d9-a0ae-c145b28c7511,2025-03-12T12:33:39.000Z,2025-03-12T20:36:17.000Z,"RHWO 08:31",RHWO,gleaning/searching,alive,"upper bole (above first secondary limb)","1 live tree",Pipa,31-40cm,35,47.4,247,30.748046,-84.000263,3,3405525,787186,16R,Foraging,unknown,75,,08:31
39f200c1-490a-4b4a-93dd-6e4da9c282d5,657fd900-3752-4bd9-8569-34f1530dc64a,2025-03-11T16:26:44.000Z,2025-03-12T01:39:29.000Z,"RBWO 12:25",RBWO,gleaning/searching,dead,"secondary limb","1 live tree",Pita,41-50cm,19,27,339,30.645618,-83.687987,7,3393410,242398,17R,Foraging,female,40,Female,12:25
d507852e-2395-4544-ae2b-df6755e2e5e6,ac17cc06-b0bd-465b-8f58-e3aca29ec5c6,2025-03-11T15:47:58.000Z,2025-03-12T01:40:01.000Z,"DOWO 11:46",DOWO,gleaning/searching,alive,"secondary limb","1 live tree",Pita,41-50cm,265,31,359,30.63849,-83.691366,3,3392627,242055,17R,Foraging,male,45,"Male. Foraged upside down for a while",11:46
9e917e96-ccce-47c4-8936-d4575f45453d,eb72f083-1f1e-4a99-9d0c-2a4c1dfe66b5,2025-03-11T16:44:21.000Z,2025-03-12T01:40:38.000Z,"RHWO 12:42",RHWO,Hawking,alive,"secondary limb","1 live tree","Quercus nigra",21-30cm,55,66,159,30.642602,-83.676577,6,3393049,243484,17R,Foraging,unknown,45,"Hawked, was vigilant.hawked again, then landed on bole of other tree",12:42
d22bacd4-06d7-473e-8cf5-6458b0e86273,eb72f083-1f1e-4a99-9d0c-2a4c1dfe66b5,2025-03-11T14:15:26.000Z,2025-03-12T01:41:07.000Z,"RCWO 10:14",RCWO,flaking,alive,"secondary limb","1 live tree",Pita,41-50cm,150,40,3,30.643582,-83.672333,3,3393148,243894,17R,Foraging,unknown,75,"Al on left but could not see any other bands",10:14
91f4c86a-53dd-49d1-bccc-da82a64616e0,20783482-441e-4760-9163-425dadd5fdff,2025-03-07T19:15:07.000Z,2025-03-12T01:42:00.000Z,"RCWO 14:15",RCWO,flaking,alive,"lower bole (below first secondary limb)","1 live tree",Pipa,11-20cm,195,36,266,30.768658,-84.017935,5,3407765,785432,16R,Foraging,unknown,1,"Went up and down bole twice, went 1"" above ground.",14:15
4f9963e1-be54-4080-a7bc-f7a87511b7bc,20783482-441e-4760-9163-425dadd5fdff,2025-03-07T19:07:15.000Z,2025-03-12T01:42:22.000Z,"DOWO 14:05",DOWO,drilling/probing,dead,"tertiary limb","1 live tree",Pipa,21-30cm,131,57,256,30.768643,-84.018022,8,3407764,785424,16R,Foraging,female,80,"Female. Probing opened pine cone on branch. Maybe searching for seeds",14:05
e3ca0e81-55ea-4ef5-8f05-da4c34e9d99f,20783482-441e-4760-9163-425dadd5fdff,2025-03-07T18:59:10.000Z,2025-03-12T01:42:47.000Z,"RCWO 13:58",RCWO,flaking,alive,"lower bole (below first secondary limb)","1 live tree",Pipa,1-10cm,23,43,286,30.769175,-84.017808,6,3407823,785443,16R,Foraging,unknown,10,,13:58
9ba09c47-6696-4f2e-afe5-7e488225dabc,6f0824cc-77da-4f2d-b95a-bbd1a3379d02,2025-03-07T18:24:07.000Z,2025-03-12T01:43:11.000Z,"RHWO 13:22",RHWO,Hawking,alive,"secondary limb","1 live tree","Live oak",11-20cm,206,77,359,30.777275,-84.005818,9,3408752,786567,16R,Foraging,unknown,55,"Seen flying into air, returning to either the oak or a pine limb and then launching again about every 30 sec",13:22
7c258813-5054-4283-ab43-fb6c48ee898d,6f0824cc-77da-4f2d-b95a-bbd1a3379d02,2025-03-07T18:14:15.000Z,2025-03-12T01:43:40.000Z,"RCWO 13:11",RCWO,drilling/probing,dead,"secondary limb","1 live tree",Pipa,41-50cm,319,20,29,30.776091,-84.004372,6,3408624,786709,16R,Foraging,unknown,80,"Ate some food on a nearby branch first",13:11
7a7fb615-e16e-44d5-ac7a-1e23cf45039f,6f0824cc-77da-4f2d-b95a-bbd1a3379d02,2025-03-07T17:51:39.000Z,2025-03-12T01:44:02.000Z,"RBWO 12:50",RBWO,gleaning/searching,dead,"secondary limb","1 live tree",Pipa,21-30cm,27,44,97,30.776423,-84.005467,4,3408658,786603,16R,Foraging,female,45,"Female. Also searched on lower bole for 20sec",12:50
36a2b35d-2441-40ab-b426-3fecbe2430f5,6f0824cc-77da-4f2d-b95a-bbd1a3379d02,2025-03-07T17:38:33.000Z,2025-03-12T01:44:37.000Z,"RCWO 12:37",RCWO,gleaning/searching,alive,"upper bole (above first secondary limb)","1 live tree",Pipa,21-30cm,59,30,332,30.776254,-84.00557,4,3408639,786594,16R,Foraging,unknown,75,"Searching, did not peck at bark",12:37
958809bd-d643-47ba-8745-08458dbcd97c,90daa320-c90e-4c6a-be37-1916518c0a72,2025-03-07T17:04:22.000Z,2025-03-12T01:45:21.000Z,"RBWO 12:02",RBWO,gleaning/searching,alive,"tertiary limb","1 live tree","Quercus nigra",41-50cm,36,42,27,30.781982,-83.996363,3,3409280,213237,17R,Foraging,unknown,99,"Maybe nipping at buds",12:02
cb108d54-3565-44ab-a9ef-e22fffebe256,90daa320-c90e-4c6a-be37-1916518c0a72,2025-03-07T16:51:25.000Z,2025-03-12T01:45:44.000Z,"RHWO 11:49",RHWO,drilling/probing,alive,"upper bole (above first secondary limb)","1 live tree","Quercus nigra",11-20cm,27,48,56,30.781609,-83.997105,6,3409240,213165,17R,Foraging,unknown,65,"Pecked at bole, perhaps assessing it for grubs?",11:49
c748a2b7-cdff-458e-bd4f-91bf2da5f992,90daa320-c90e-4c6a-be37-1916518c0a72,2025-03-07T16:21:50.000Z,2025-03-12T01:46:29.000Z,"RBWO 11:21",RBWO,gleaning/searching,alive,"secondary limb","1 live tree",Pipa,31-40cm,26,46,68,30.782986,-83.999398,6,3409399,212950,17R,Foraging,female,0,"Female, don't remember height",11:21
bbf673d2-803d-4922-9867-169b07e08e8d,dfa2f904-5182-42bc-9172-4ba078dd0fdd,2025-03-07T16:03:56.000Z,2025-03-12T01:47:17.000Z,"RHWO 11:02",RHWO,"Other (includes not foraging)",dead,"secondary limb","1 live tree",Pipa,41-50cm,1,115,268,30.766126,-84.001178,4,3407528,787044,16R,"Fighting same species",unknown,65,,11:02
f60936c0-bdcf-41f7-aaeb-edda54ec042e,f5200639-9b20-4c99-a133-20f767d58dba,2025-03-07T15:30:35.000Z,2025-03-12T01:47:51.000Z,"RHWO 10:29",RHWO,"Other (includes not foraging)",dead,"upper bole (above first secondary limb)","4 loss of most tertiary limbs, secondary limbs present",Pipa,51-60cm,100,51,52,30.758908,-83.999055,6,3406728,212911,17R,Prospecting,unknown,70,"Prospecting 3 holes facing south, about 50ft up",10:29
caad3bc6-fc73-434e-872e-01e2940115f6,f5200639-9b20-4c99-a133-20f767d58dba,2025-03-07T15:07:48.000Z,2025-03-12T01:48:17.000Z,"RBWO 10:02",RBWO,drilling/probing,alive,"secondary limb","1 live tree","Turkey oak",31-40cm,347,39,212,30.758379,-84.000401,5,3406670,787142,16R,Foraging,female,55,"Female. branch splits and shes digging at the end of a live branch.",10:02
57740fe3-9a45-49c6-a25d-ed9d65b75eb5,f5200639-9b20-4c99-a133-20f767d58dba,2025-03-07T14:59:43.000Z,2025-03-12T01:48:41.000Z,"RCWO 09:58",RCWO,flaking,alive,"secondary limb","1 live tree",Pipa,31-40cm,105,36,132,30.758939,-84.00023,3,3406733,787157,16R,Foraging,unknown,85,"High in crown",09:58
2ab079db-cbea-4f82-a800-84c404246d9b,c52a912e-554e-49b7-b8f2-45efe5339e90,2025-03-07T14:38:24.000Z,2025-03-12T01:50:06.000Z,"RCWO 09:28",RCWO,flaking,alive,"lower bole (below first secondary limb)","1 live tree",Pipa,21-30cm,81,44,74,30.747802,-84.001514,6,3405495,787067,16R,Foraging,unknown,0,"don't remember height",09:28
35f57344-d133-4ccd-9123-1659c0d5d704,c52a912e-554e-49b7-b8f2-45efe5339e90,2025-03-07T14:29:13.000Z,2025-03-12T01:50:50.000Z,"RBWO 09:27",RBWO,gleaning/searching,dead,"lower bole (below first secondary limb)","4 loss of most tertiary limbs, secondary limbs present",Pipa,21-30cm,20,112,302,30.74898,-84.002092,3,3405624,787008,16R,Foraging,female,45,Female,09:27
4178c31d-c713-4623-b24a-29783caabb8a,7884c048-f339-4d75-9735-befddbd7bd18,2025-03-07T14:00:56.000Z,2025-03-12T01:51:13.000Z,"PIWO 08:53",PIWO,gleaning/searching,dead,"secondary limb","1 live tree",Pipa,51-60cm,37,99,340,30.758936,-84.013994,6,3406697,785838,16R,Foraging,male,60,Male,08:53
8257d40f-1100-4975-98d2-23ac4b5c21d6,fc54b623-d209-42b6-9fcf-574e0b9f85b7,2025-03-06T20:45:18.000Z,2025-03-12T01:51:43.000Z,"RBWO 15:20",RBWO,gleaning/searching,alive,"upper bole (above first secondary limb)","1 live tree",Piec,21-30cm,3,30,359,30.846114,-84.020956,5,3416347,784914,16R,Foraging,male,55,"Male. Proceeded to loaf on side of tree for 20min",15:20
d99efa4e-ff79-46b3-9484-e1dbdb33858d,f474d32f-30a5-4891-aab0-f17366afd83c,2025-03-06T17:57:24.000Z,2025-03-12T01:52:18.000Z,"RHWO 12:56",RHWO,"Other (includes not foraging)",alive,"lower bole (below first secondary limb)","1 live tree","Black gum",21-30cm,2,12,136,30.836286,-84.015516,3,3415271,785464,16R,"Fighting different species (specify in comments)",unknown,30,"NOFL male. NOFL lost.",12:56
bd4a11f4-c997-49ee-9b23-d1c4abe8059f,e7c8c1b9-b7e1-4f6b-8e11-14a88d873901,2025-03-06T19:47:07.000Z,2025-03-12T01:53:46.000Z,"RBWO 14:45",RBWO,flaking,alive,"lower bole (below first secondary limb)","1 live tree",Pipa,51-60cm,88,48,316,30.850595,-84.012893,6,3416865,785672,16R,Foraging,male,45,"Flaked bark between bole and dead branch. Almost probing but was actively flaking bark. Male",14:45
50f0f956-64a2-461d-bc4c-25920c6f310f,e7c8c1b9-b7e1-4f6b-8e11-14a88d873901,2025-03-06T19:30:42.000Z,2025-03-12T01:54:25.000Z,"RCWO 14:29",RCWO,flaking,alive,"upper bole (above first secondary limb)","1 live tree",Pipa,51-60cm,145,21,4,30.851559,-84.01,8,3416979,785946,16R,Foraging,unknown,0,"With 1 other rcw, don't remember height",14:29
3f7287d9-b2ad-42d5-8750-cfdd1028e920,e7c8c1b9-b7e1-4f6b-8e11-14a88d873901,2025-03-06T19:11:04.000Z,2025-03-12T01:54:48.000Z,"RCWO 14:10",RCWO,flaking,alive,"upper bole (above first secondary limb)","1 live tree",Pipa,51-60cm,41,14,171,30.849049,-84.009378,11,3416702,786013,16R,Foraging,unknown,0,"don't remember height",14:10
b8af8ecf-ea67-4c14-98c9-c35f794bc4b6,e7c8c1b9-b7e1-4f6b-8e11-14a88d873901,2025-03-06T15:49:06.000Z,2025-03-12T01:55:09.000Z,"RCWO 10:48",RCWO,flaking,alive,"lower bole (below first secondary limb)","1 live tree",Pipa,11-20cm,51,40,346,30.849418,-84.011865,6,3416737,785774,16R,Foraging,unknown,0,"don't remember height",10:48
10ba9c5c-f79d-4094-b8d0-50cb101f8b37,e7c8c1b9-b7e1-4f6b-8e11-14a88d873901,2025-03-06T15:44:39.000Z,2025-03-12T01:55:46.000Z,"RHWO 10:43",RHWO,gleaning/searching,alive,"lower bole (below first secondary limb)","1 live tree",Pipa,11-20cm,112,44,274,30.850029,-84.010796,9,3416807,785875,16R,Foraging,unknown,0,"don't remember height",10:43
13ef07fb-2b23-4345-8102-4be9c6bee4c8,1dc54833-7436-4354-b12a-c60acfa780fb,2025-03-06T14:48:40.000Z,2025-03-12T01:56:34.000Z,"RCWO 09:47",RCWO,gleaning/searching,alive,"tertiary limb","1 live tree",Pipa,31-40cm,103,37,315,30.865992,-84.024769,5,3418542,784490,16R,Foraging,unknown,80,,09:47
7f59da7d-d294-43a0-8616-4ed1bbfc403f,1dc54833-7436-4354-b12a-c60acfa780fb,2025-03-06T14:44:17.000Z,2025-03-12T01:57:53.000Z,"RBWO 09:43",RBWO,gleaning/searching,dead,"secondary limb","1 live tree",Pipa,51-60cm,96,0,58,30.866056,-84.024815,4,3418549,784486,16R,Foraging,female,55,Female,09:43
972ef9bc-4325-4059-95ff-4c9d57818edb,1dc54833-7436-4354-b12a-c60acfa780fb,2025-03-06T14:39:28.000Z,2025-03-12T01:58:11.000Z,"NOFL 09:36",NOFL,gleaning/searching,alive,"secondary limb","1 live tree",Pipa,51-60cm,114,78,313,30.866051,-84.024393,3,3418549,784526,16R,Foraging,male,60,"Male. Female was nearby on dead limb gleaning for about 200sec",09:36
868f19c8-ece4-443b-8776-2117aa7d9306,1dc54833-7436-4354-b12a-c60acfa780fb,2025-03-06T14:34:04.000Z,2025-03-12T01:59:10.000Z,"RBWO 09:32",RBWO,drilling/probing,dead,"secondary limb","1 live tree",Pipa,31-40cm,84,51,284,30.866048,-84.02431,3,3418549,784534,16R,Foraging,female,70,Female,09:32
8d467d51-b599-423f-bf92-295d2d86594d,1dc54833-7436-4354-b12a-c60acfa780fb,2025-03-06T14:25:00.000Z,2025-03-12T01:59:38.000Z,"RCWO 09:23",RCWO,gleaning/searching,alive,"upper bole (above first secondary limb)","1 live tree",Pipa,31-40cm,35,107,278,30.866191,-84.023941,4,3418566,784569,16R,Foraging,unknown,70,,09:23
63961cd2-bce8-4373-a953-4957440ccca0,ae2780e7-dc7b-4682-af0d-a50056e23687,2025-03-06T13:24:06.000Z,2025-03-12T02:00:38.000Z,"RCWO 08:22",RCWO,flaking,alive,"lower bole (below first secondary limb)","1 live tree",PIPA,41-50cm,38,43,348,30.867029,-84.0102,3,3418694,785881,16R,Foraging,unknown,0,"don't remember height",08:22
2a586372-d1ca-46d3-968a-3ea4d20c506f,a1604917-35dd-4963-8b13-6b099c0e6dc0,2025-03-06T13:12:05.000Z,2025-03-12T02:01:18.000Z,"RHWO 08:10",RHWO,drilling/probing,alive,"secondary limb","1 live tree",QUVI,31-40cm,265,41,87,30.860335,-84.014509,5,3417941,785489,16R,Foraging,unknown,50,"Used branch as anvil for acorn",08:10
b59a5f97-74c7-4a31-a278-63777632cd89,a1604917-35dd-4963-8b13-6b099c0e6dc0,2025-03-06T13:09:55.000Z,2025-03-12T02:01:50.000Z,"RHWO 08:08",RHWO,gleaning/searching,alive,"secondary limb","1 live tree",Quvi,31-40cm,92,48,87,30.860412,-84.014512,6,3417949,785488,16R,Foraging,unknown,0,"don't remember height",08:08
2320553e-1d23-490c-ad39-33d90cff04e6,151c3190-883c-4964-90b2-1284a118c2f2,2025-03-04T19:35:49.000Z,2025-03-12T02:03:31.000Z,"RBWO 14:34",RBWO,gleaning/searching,dead,"secondary limb","1 live tree",PIEC,41-50cm,68,34,52,30.649261,-84.21613,4,3394037,766783,16R,Foraging,unknown,0,"Stopped searching and started drilling momentarily, don't remember height",14:34
6dccc867-bf03-4ddc-92a8-0b53e9b65850,151c3190-883c-4964-90b2-1284a118c2f2,2025-03-04T19:34:15.000Z,2025-03-12T02:03:50.000Z,"RBWO 14:33",RBWO,gleaning/searching,dead,"secondary limb","1 live tree",PITA,51-60cm,36,20,86,30.649151,-84.216063,5,3394025,766790,16R,Foraging,unknown,0,"don't remember height",14:33
8b8306e6-25d8-4dfb-abab-985f0cf02567,acfcb82b-3959-42cc-976a-710fa2094573,2025-03-04T14:09:32.000Z,2025-03-12T02:02:46.000Z,"RHWO 09:07",RHWO,gleaning/searching,dead,"tertiary limb","1 live tree",PIEC,31-40cm,38,30,193,30.650102,-84.226061,4,3394107,765829,16R,Foraging,unknown,0,"don't remember height",09:07
69d5751b-b6e3-40d1-88b5-9943f76579f6,acfcb82b-3959-42cc-976a-710fa2094573,2025-03-04T13:54:37.000Z,2025-03-12T02:03:01.000Z,"PIWO 08:53",PIWO,"Other (includes not foraging)",dead,"secondary limb","4 loss of most tertiary limbs, secondary limbs present",Pinus,51-60cm,20,122,33,30.650988,-84.225172,4,3394207,765912,16R,Resting/Preening/Vigilance,unknown,90,,08:53
fae6aa2c-05d3-49ab-9a61-797503fdbc60,151c3190-883c-4964-90b2-1284a118c2f2,2025-03-04T13:46:42.000Z,2025-03-12T02:04:30.000Z,"RHWO 08:45",RHWO,"Other (includes not foraging)",alive,"tertiary limb","1 live tree",PIEC,51-60cm,20,62,284,30.651425,-84.216576,6,3394276,766734,16R,"Fighting same species",unknown,60,"Short fight",08:45
e91d3c52-6599-4189-8595-552cc1d1ea85,151c3190-883c-4964-90b2-1284a118c2f2,2025-03-04T13:45:11.000Z,2025-03-12T02:04:55.000Z,"RHWO 08:43",RHWO,drilling/probing,dead,"upper bole (above first secondary limb)","7 bole decaying 3-6m tall",Unk,31-40cm,107,34,232,30.651405,-84.216596,5,3394274,766733,16R,Foraging,unknown,70,"Possible prospecting old hole",08:43
40f003d9-a28c-4d8f-a444-9c4ea84c02de,151c3190-883c-4964-90b2-1284a118c2f2,2025-03-04T13:32:15.000Z,2025-03-12T02:05:11.000Z,"RHWO 08:29",RHWO,"Other (includes not foraging)",dead,"lower bole (below first secondary limb)","6 broken off top, bole intact",Pinus,41-50cm,200,58,63,30.650191,-84.21629,4,3394140,766765,16R,"Fighting same species",unknown,0,"Chased around for a bit",08:29
